,Index,District,Village,pH,EC,TDS,TH,Alkalinity,Calcium,Magnesium,Sodium,Potassium,Bicarbonate,Chloride,Sulphate,Fluoride,is_drinkable,WQI,WQC,Carbonate
0,0,0,298,1,1,1,1,60,1,1,1,1,1,1,1,0.27,1,19.03235114465789,0,1
1,1,0,440,1,1,1,1,85,1,1,1,1,1,1,1,0.12,1,15.589983985177376,0,1
2,2,0,1047,1,1,1,1,200,1,1,1,1,1,1,1,1.52,0,86.26457825793943,3,1
3,3,0,1103,1,1,1,1,145,1,1,1,1,1,1,1,0.31,1,31.93163510546489,1,1
4,4,0,654,1,1,1,0,125,1,1,1,1,1,1,1,0.15,1,18.93264206078896,0,1
5,5,0,1114,1,1,1,0,105,1,1,1,1,1,1,1,0.27,1,23.675539042569486,0,1
6,6,0,886,1,1,1,1,110,1,1,1,1,1,1,1,0.11,1,17.45810581274659,0,1
7,7,0,524,1,1,1,1,25,1,1,1,1,1,1,1,0.13,1,12.470001701114956,0,1
8,8,0,1081,1,0,0,0,245,1,1,1,1,1,1,1,1.59,0,88.1178276563929,3,1
9,9,0,220,1,0,0,0,425,0,0,0,0,0,0,1,0.94,0,74.91649714957103,2,1
10,10,0,120,1,1,1,0,125,1,1,1,1,1,1,1,0.23,1,26.787555466678672,1,1
11,11,0,1101,1,0,0,1,165,1,1,1,0,1,1,1,0.3,0,41.66247330509086,1,1
12,12,0,428,1,1,1,0,170,1,1,1,1,1,1,1,0.34,1,31.3697544167426,1,1
13,13,0,1142,1,1,1,0,90,1,1,1,1,1,1,1,0.18,1,22.234098452947755,0,1
14,14,0,1164,1,0,0,0,450,1,0,1,1,0,1,1,1.11,0,73.10760965893638,2,1
15,15,0,711,1,0,0,0,390,1,1,0,1,0,1,1,3.94,0,205.06708274636372,3,1
16,16,0,709,1,0,0,0,330,1,0,1,1,0,1,1,1.33,0,82.51307594133786,3,1
17,17,0,722,1,1,1,0,130,1,1,1,1,1,1,1,0.64,1,43.97910926111324,1,1
18,18,0,299,1,1,1,0,175,1,1,1,1,1,1,1,1.54,0,85.46918270342546,3,1
19,19,0,104,1,0,0,0,175,1,1,1,1,1,1,1,0.4,0,33.17856579592792,1,1
20,20,0,1051,1,0,0,0,75,1,1,1,1,1,1,1,0.84,1,53.23679193212976,2,1
21,21,0,696,1,1,1,0,120,1,1,1,1,1,1,1,0.35,1,30.865803711713948,1,1
22,22,0,859,1,0,0,0,110,1,1,1,1,1,1,1,0.34,1,30.367804333286067,1,1
23,23,0,896,1,1,1,0,270,1,1,1,1,1,1,1,0.82,0,57.338548000737056,2,1
24,24,0,712,1,0,0,0,350,0,0,0,1,0,0,1,1.48,0,95.4285881425212,3,1
25,25,0,1187,1,1,1,1,60,1,1,1,1,1,1,1,0.38,1,28.144048531875534,1,1
26,26,0,19,1,1,1,0,300,1,1,1,1,0,1,1,1.33,0,79.68441273464278,3,1
27,27,0,147,1,0,0,0,400,1,1,1,1,0,1,1,0.84,0,59.059332101511,2,1
28,28,0,1185,1,1,1,0,185,1,1,1,1,1,1,1,0.36,1,29.24144061792647,1,1
29,29,0,1195,1,1,1,1,190,1,1,1,1,1,1,1,0.44,1,32.708948176000014,1,1
30,30,0,557,1,0,0,0,420,1,0,1,0,0,1,1,1.13,0,80.99514701058058,3,1
31,31,0,1168,1,0,0,0,284,1,1,1,1,1,1,1,0.89,0,55.33647072992551,2,1
32,32,0,39,1,1,1,1,144,1,1,1,1,1,1,1,0.35,1,31.9013140051577,1,1
33,33,0,1180,1,1,1,0,189,1,1,1,1,1,1,1,0.4,1,32.72497003235515,1,1
34,34,0,145,1,1,1,0,154,1,1,1,1,1,1,1,0.97,1,56.78477635150186,2,1
35,35,0,480,1,1,1,1,129,1,1,1,1,1,1,1,0.38,1,29.79327976094948,1,1
36,36,0,397,1,0,0,0,340,0,0,1,1,0,1,1,0.67,0,49.24296317241805,1,1
37,37,0,892,1,0,0,0,285,1,0,1,1,1,1,1,1.36,0,80.43203747151482,3,1
38,38,0,27,1,0,0,0,205,1,1,1,1,1,1,1,0.55,0,38.87626010585408,1,1
39,39,0,510,1,1,1,0,195,1,1,1,1,1,1,1,0.18,1,22.275453576403127,0,1
40,40,0,941,1,1,1,0,175,1,1,1,1,1,1,1,0.51,1,38.74996517101583,1,1
41,41,0,1177,1,1,1,0,140,1,1,1,1,1,1,1,0.29,1,29.45532647113185,1,1
42,42,0,162,1,0,0,0,325,1,1,1,1,0,1,1,2.09,0,117.54385898917543,3,1
43,43,0,168,1,0,0,0,750,1,0,0,1,0,1,1,2.91,0,164.20500873625846,3,1
44,44,0,779,1,0,0,0,220,1,1,1,1,1,1,1,0.31,0,27.840248648660896,1,1
45,45,1,5,1,0,0,0,195,1,1,1,0,1,1,1,0.33,0,54.17008470476882,2,0
46,46,1,20,1,1,1,1,78,1,1,1,0,1,1,1,0.4,0,44.80071986033308,1,1
47,47,1,37,1,1,1,1,102,1,1,1,0,1,1,1,0.38,0,47.05466337595744,1,1
48,48,1,114,1,0,0,0,122,0,0,1,1,1,0,1,0.55,0,44.27902519603157,1,1
49,49,1,142,1,1,1,0,249,1,1,1,1,1,1,1,1.27,0,77.06869218225877,3,0
50,50,1,151,1,0,0,0,195,1,0,1,1,1,1,1,2.01,0,113.15121425924936,3,1
51,51,1,157,1,1,1,0,185,1,1,1,0,1,1,1,0.68,0,60.18363194835405,2,0
52,52,1,158,1,1,1,0,205,1,1,1,1,1,1,1,1.55,0,89.65795722700715,3,0
53,53,1,1203,1,1,1,0,171,1,1,1,1,1,1,1,1.06,1,65.27060255416326,2,0
54,54,1,191,1,1,1,0,219,1,1,1,1,1,1,1,1.51,0,86.54149351948796,3,1
55,55,1,232,1,0,0,0,146,1,0,1,1,1,1,1,0.62,0,49.58108814464402,1,1
56,56,1,248,1,0,0,0,278,1,1,1,1,1,1,1,1.71,0,98.36720476810348,3,0
57,57,1,250,1,1,1,1,98,1,1,1,1,1,1,1,0.41,1,33.50311623879806,1,1
58,58,1,305,1,1,1,0,229,1,1,1,1,1,1,1,0.8,0,49.31229852331335,1,1
59,59,1,314,1,1,1,1,132,1,1,1,1,1,1,1,0.43,1,41.07739924432002,1,1
60,60,1,318,1,0,0,0,215,1,1,1,0,1,1,1,0.51,0,56.02212721735805,2,0
61,61,1,356,1,0,0,0,185,1,1,1,0,1,1,1,0.37,0,58.644246806588335,2,0
62,62,1,372,1,0,0,0,185,1,1,1,0,1,1,1,0.32,0,61.33889682836882,2,0
63,63,1,373,1,0,0,0,229,1,1,1,0,1,1,1,0.33,0,56.590338487909776,2,0
64,64,1,382,1,0,0,0,137,1,1,1,0,1,0,1,0.27,0,48.46358561066206,1,1
65,65,1,383,1,0,0,0,141,1,0,1,0,1,0,1,0.29,0,85.04957108410272,3,1
66,66,1,386,1,1,1,1,98,1,1,1,0,1,1,1,0.49,0,46.63137379609322,1,1
67,67,1,387,1,1,1,1,88,1,1,1,0,1,1,1,0.34,0,40.29471734460768,1,1
68,68,1,389,1,1,1,1,102,1,1,1,0,1,1,1,0.3,0,36.22039881663539,1,1
69,69,1,391,1,0,0,0,195,1,1,1,1,1,1,1,0.81,0,54.49569654713291,2,1
70,70,1,402,1,0,0,0,132,1,1,1,0,1,1,1,0.41,0,46.00638335601959,1,1
71,71,1,403,1,1,1,0,161,1,1,1,1,1,1,1,0.66,1,48.56403341997415,1,0
72,72,1,404,1,1,1,0,141,1,1,1,1,1,1,1,0.57,1,38.48225454057584,1,1
73,73,1,411,1,0,0,0,122,1,1,1,0,1,1,1,0.52,0,50.99614370543596,2,1
74,74,1,467,1,0,0,0,293,1,1,1,1,0,1,1,0.91,0,60.795194180431984,2,1
75,75,1,478,1,0,0,0,312,1,1,1,0,0,1,1,0.31,0,164.06255129880552,3,1
76,76,1,482,1,1,1,0,141,1,1,1,1,1,1,1,0.44,1,35.064464954059986,1,1
77,77,1,489,1,1,1,0,195,1,1,1,1,1,1,1,0.82,1,54.777070697035406,2,0
78,78,1,504,1,1,1,0,146,1,1,1,1,1,1,1,0.49,1,37.33366991916449,1,1
79,79,1,515,1,1,1,0,190,1,1,1,1,1,1,1,0.83,1,54.59936635590891,2,1
80,80,1,535,1,0,0,0,258,1,1,1,0,1,0,1,0.46,0,225.78880953654664,3,1
81,81,1,553,1,1,1,0,161,1,1,1,1,1,1,1,0.53,1,38.89257396807283,1,1
82,82,1,565,1,1,1,1,151,1,1,1,1,1,1,1,0.65,1,43.25192434029433,1,1
83,83,1,567,1,1,1,0,166,1,1,1,1,1,1,1,0.91,1,56.599895994228106,2,1
84,84,1,568,1,1,1,0,249,1,1,1,1,1,1,1,2.41,0,132.0473759523484,3,0
85,85,1,577,1,1,1,0,176,1,1,1,1,1,1,1,1.66,0,91.80872414397264,3,1
86,86,1,608,1,1,1,0,239,1,1,1,1,1,1,1,2.49,0,132.89505364739142,3,1
87,87,2,44,0,0,0,0,204,1,1,1,0,1,1,1,0.28,0,103.73280042581654,3,0
88,88,2,79,1,0,0,0,181,1,1,1,0,1,1,1,0.39,0,52.197181696908864,2,1
89,89,2,107,1,1,1,0,147,1,1,1,1,1,1,1,0.56,1,45.52541506780261,1,1
90,90,2,161,1,0,0,0,276,1,1,1,0,1,1,1,0.66,0,122.74815712075116,3,0
91,91,2,175,1,0,0,0,90,1,0,1,0,1,0,1,0.31,0,63.64316611741317,2,1
92,92,2,201,1,0,0,0,195,1,1,1,0,1,1,1,0.27,0,65.57973444208669,2,1
93,93,2,206,1,1,1,1,29,1,1,1,1,1,1,1,0.16,1,16.924670851239622,0,1
94,94,2,611,1,1,1,0,176,1,1,1,1,1,1,1,0.57,1,46.4973580212948,1,1
95,95,2,408,1,1,1,1,143,1,1,1,1,1,1,1,0.38,1,36.82976502535965,1,0
96,96,2,462,1,1,1,0,90,1,1,1,1,1,1,1,0.32,1,25.76550414848441,1,1
97,97,2,562,1,1,1,0,143,1,1,1,0,1,1,1,0.24,0,40.801208371863176,1,0
98,98,2,531,0,1,1,0,252,1,1,1,0,1,1,1,0.53,0,60.58318664401155,2,0
99,99,2,606,1,1,1,0,119,1,1,1,0,1,1,1,0.2,0,39.80288910740151,1,1
100,100,2,715,1,1,1,0,181,1,1,1,0,1,1,1,0.86,0,69.64731010136778,2,0
101,101,2,723,1,1,1,1,33,1,1,1,1,1,1,1,0.16,1,15.529246256061114,0,1
102,102,2,728,0,1,1,0,157,1,1,1,1,1,1,1,0.35,0,34.4389683969072,1,0
103,103,2,806,1,1,1,1,43,1,1,1,1,1,1,1,0.15,1,18.87398388101592,0,1
104,104,2,818,1,1,1,1,33,1,1,1,1,1,1,1,0.12,1,15.83995376986603,0,1
105,105,2,853,1,0,0,0,233,1,1,1,0,1,1,1,0.28,0,97.85902261746963,3,1
106,106,2,985,1,1,1,1,24,1,1,1,1,1,1,1,0.13,1,15.816387185651088,0,1
107,107,2,1020,0,0,0,0,261,0,1,1,0,1,1,1,0.2,0,91.82373130365696,3,0
108,108,2,1089,1,0,0,0,266,1,1,1,0,1,1,1,0.66,0,102.20485631522652,3,0
109,109,2,647,0,0,0,0,257,1,1,1,0,1,1,1,0.43,0,129.6714370062415,3,0
110,110,2,225,1,1,1,1,38,1,1,1,1,1,1,1,0.15,1,16.3521491931592,0,1
111,111,2,1178,1,1,1,1,29,1,1,1,1,1,1,1,0.14,1,14.65596925765438,0,1
112,112,2,1132,0,1,1,0,195,0,1,1,0,1,1,1,0.19,0,36.82599053149795,1,0
113,113,3,40,1,0,0,0,322,0,1,0,0,0,0,1,1.13,0,101.69860175993222,3,1
114,114,3,103,1,0,0,0,238,1,0,1,1,1,1,1,1.22,0,72.24157394741036,2,1
115,115,3,167,1,0,0,0,252,0,1,1,1,1,1,1,0.74,0,44.98603250176835,1,1
116,116,3,177,1,1,1,1,79,1,1,1,0,1,1,1,0.23,0,25.24023700125985,1,1
117,117,3,212,1,1,1,0,149,1,1,1,1,1,1,1,0.29,1,21.78301435305127,0,1
118,118,3,214,1,0,0,0,144,0,1,1,1,1,0,1,0.73,0,43.35044936607286,1,1
119,119,3,224,1,1,1,0,168,1,1,1,1,1,1,1,0.67,1,43.92061196548973,1,1
120,120,3,235,1,1,1,1,149,1,1,1,1,1,1,1,1.1,1,59.51159912730824,2,1
121,121,3,246,1,1,1,1,119,1,1,1,1,1,1,1,0.34,1,23.030118056245485,0,1
122,122,3,264,1,1,1,0,203,1,1,1,1,1,1,1,0.38,0,28.407201900833204,1,1
123,123,3,266,1,1,1,0,163,1,1,1,1,1,1,1,0.38,1,21.409502821558146,0,1
124,124,3,267,1,0,0,0,327,1,1,1,1,0,1,1,1.79,0,103.03130841214082,3,1
125,125,3,276,1,1,1,0,153,1,1,1,1,1,1,1,0.55,1,32.14277183236688,1,1
126,126,3,278,1,1,1,1,109,1,1,1,1,1,1,1,0.36,1,24.024596551293712,0,1
127,127,3,317,1,1,1,0,163,1,1,1,1,1,1,1,0.32,1,26.677941393334866,1,1
128,128,3,332,1,1,1,0,144,1,1,1,1,1,1,1,0.82,1,45.71178486302062,1,1
129,129,3,388,1,1,1,0,144,1,1,1,1,1,1,1,0.48,1,30.862573135913426,1,1
130,130,3,393,1,1,1,0,168,1,1,1,1,1,1,1,0.44,1,28.751119424213638,1,1
131,131,3,412,1,0,0,0,248,1,0,0,1,1,0,1,0.8,0,56.1374143675433,2,1
132,132,3,434,1,0,0,0,248,1,0,0,0,1,0,1,0.64,0,64.67081021189779,2,1
133,133,3,450,1,1,1,1,124,1,1,1,1,1,1,1,0.38,1,33.387623157467495,1,1
134,134,3,455,1,1,1,1,104,1,1,1,1,1,1,1,0.43,1,30.59399645115155,1,1
135,135,3,464,1,0,0,0,297,1,1,0,0,0,0,1,0.82,0,222.65775852772325,3,1
136,136,3,507,1,0,0,0,262,0,0,1,0,1,0,1,3.54,0,204.8788206801233,3,1
137,137,3,534,1,1,1,1,129,1,1,1,1,1,1,1,0.33,1,27.986491137643977,1,1
138,138,3,588,1,1,1,1,178,1,1,1,0,1,1,1,0.31,0,39.42903007859944,1,1
139,139,3,607,1,0,0,0,272,1,1,1,1,1,1,1,0.62,0,42.10120876812955,1,1
140,140,3,621,1,1,1,1,50,1,1,1,1,1,1,1,0.25,1,17.28021337246181,0,1
141,141,3,661,1,0,0,0,257,0,1,1,1,1,0,1,0.28,0,23.728868118869727,0,1
142,142,3,661,1,0,0,0,248,1,1,1,0,1,0,1,0.32,0,215.1332867578815,3,1
143,143,3,661,1,0,0,0,213,1,1,1,1,1,1,1,3.08,0,165.5452661876938,3,1
144,144,3,669,1,0,0,0,213,1,1,1,0,1,1,1,1.0,0,110.13015427216196,3,1
145,145,3,674,1,0,0,0,158,1,1,1,1,1,1,1,0.38,1,28.813501036095055,1,1
146,146,3,1205,1,1,1,0,149,1,1,1,0,1,1,1,0.34,0,35.827659704549454,1,1
147,147,3,1206,1,0,0,0,163,1,1,1,1,1,1,1,0.54,0,35.63464562605418,1,1
148,148,3,1208,1,1,1,0,188,1,1,1,0,1,1,1,0.46,0,41.93063072587227,1,1
149,149,3,732,1,1,0,0,153,0,1,1,1,1,0,1,0.61,0,43.55403907243099,1,1
150,150,3,1207,1,1,1,1,104,1,1,1,1,1,1,1,0.38,1,27.556656963801355,1,1
151,151,3,679,1,1,1,1,84,1,1,1,1,1,1,1,0.27,1,20.98502175360893,0,1
152,152,3,738,1,1,1,1,109,1,1,1,0,1,1,1,0.3,0,36.22082795897058,1,1
153,153,3,742,1,1,1,1,114,1,1,1,1,1,1,1,0.18,1,17.35277794053004,0,1
154,154,3,744,1,1,1,0,178,1,1,1,1,1,1,1,0.51,1,32.883122123353765,1,1
155,155,3,754,1,0,0,0,262,1,1,1,1,1,1,1,0.9,0,53.017107640383735,2,1
156,156,3,909,1,0,0,0,173,1,1,1,1,1,1,1,0.49,0,38.64991191564508,1,1
157,157,3,950,1,1,1,1,109,1,1,1,1,1,1,1,0.41,1,32.994817826439295,1,1
158,158,3,942,1,0,0,0,183,1,1,1,0,1,1,1,0.28,0,84.53323487529073,3,1
159,159,3,1017,1,1,1,0,183,1,1,1,1,1,1,1,0.9,1,54.50979908728532,2,1
160,160,3,1018,1,1,1,0,144,1,1,1,1,1,1,1,0.48,1,32.79308099090371,1,1
161,161,3,1024,1,1,1,1,114,1,1,1,1,1,1,1,0.36,1,23.4937800189472,0,1
162,162,3,1025,1,0,0,0,149,1,1,1,1,1,1,1,0.65,0,43.77012598723401,1,1
163,163,3,1031,1,1,1,0,238,1,1,1,1,1,1,1,1.21,0,68.05177830198157,2,1
164,164,3,1061,1,1,1,0,203,1,1,1,1,1,1,1,0.32,0,32.75978248655455,1,1
165,165,3,1077,1,1,1,1,84,1,1,1,1,1,1,1,0.66,1,39.581377192662174,1,1
166,166,3,1087,1,0,0,0,158,0,0,1,1,1,0,1,0.28,0,34.29414996191598,1,1
167,167,3,1093,1,1,1,1,94,1,1,1,1,1,1,1,0.33,1,23.919748189699508,0,1
168,168,3,1128,1,0,0,0,218,1,0,1,1,1,1,1,0.27,0,26.5137470750588,1,1
169,169,3,1129,1,1,1,1,163,1,1,1,1,1,1,1,0.21,1,19.228379069549565,0,1
170,170,3,1062,1,0,0,0,183,0,0,1,1,1,0,1,0.45,0,40.11145617421229,1,1
171,171,3,1172,1,1,1,0,153,1,1,1,1,1,1,1,0.28,1,26.05532683909349,1,1
172,172,3,1184,1,1,1,1,124,1,1,1,1,1,1,1,0.48,1,28.462498878424636,1,1
173,173,3,1201,1,0,0,0,282,1,1,1,0,1,1,1,0.42,0,67.26671836527666,2,1
174,174,3,498,1,1,1,0,337,1,1,1,1,0,1,1,0.87,0,55.761214366807366,2,1
175,175,3,529,1,0,0,0,337,1,0,1,1,0,1,1,0.41,0,39.43297800976344,1,1
176,176,3,785,1,0,0,0,351,0,0,1,0,0,0,1,0.4,0,83.87348489673158,3,1
177,177,3,787,1,0,0,0,351,0,1,1,1,0,1,1,0.27,0,31.899480367406863,1,1
178,178,3,817,1,1,1,0,337,1,1,1,1,0,1,1,0.9,0,57.410767180199606,2,1
179,179,3,940,1,0,0,0,406,1,0,1,1,0,1,1,0.47,0,45.20191766037537,1,1
180,180,3,863,1,0,0,0,262,1,0,1,1,1,1,1,0.34,0,33.15256000817441,1,1
181,181,4,3,1,1,1,1,105,1,1,1,1,1,1,1,0.42,1,32.12690477464189,1,1
182,182,4,6,1,0,0,0,257,1,1,1,0,1,1,1,0.08,0,134.63252238834278,3,1
183,183,4,99,1,1,1,0,95,1,1,1,1,1,1,1,0.62,1,40.78974179565845,1,1
184,184,4,138,1,1,1,1,100,1,1,1,1,1,1,1,0.72,1,46.8935642943614,1,1
185,185,4,193,1,1,1,1,90,1,1,1,1,1,1,1,0.57,1,39.10693320392405,1,1
186,186,4,194,0,0,0,0,323,1,1,1,0,0,1,1,0.1,0,175.730055035739,3,0
187,187,4,196,1,1,1,1,67,1,1,1,1,1,1,1,0.18,1,26.88996495023885,1,0
188,188,4,202,1,1,1,1,124,1,1,1,1,1,1,1,0.27,1,29.65249807740045,1,0
189,189,4,229,1,1,0,0,166,1,1,1,0,1,1,1,0.23,0,44.19550014053305,1,0
190,190,4,396,1,0,0,0,290,1,1,1,0,1,1,1,0.19,0,98.10083838643727,3,0
191,191,4,540,1,1,1,0,86,1,1,1,1,1,1,1,0.73,1,55.238803592550994,2,1
192,192,4,698,1,0,0,0,323,1,1,1,0,0,1,1,0.11,0,99.67930203055384,3,0
193,193,4,997,1,1,1,0,119,1,1,1,1,1,1,1,0.45,1,42.13708649957245,1,1
194,194,4,1004,1,1,1,1,171,1,1,1,1,1,1,1,0.45,1,41.98926565330032,1,1
195,195,4,1174,1,0,0,0,261,1,0,0,0,1,0,1,0.26,0,58.58704813249565,2,0
196,196,4,357,0,0,0,0,280,1,0,1,1,1,1,1,1.57,0,98.05004432522487,3,0
197,197,4,370,1,0,1,0,157,1,1,1,0,1,1,1,0.94,0,70.92693477766767,2,1
198,198,4,801,1,1,1,1,105,1,1,1,1,1,1,1,0.29,1,30.90403128862713,1,1
199,199,4,638,1,0,0,0,81,0,0,0,1,1,0,1,0.14,0,46.84847267615952,1,1
200,200,4,997,0,0,0,0,409,0,1,1,0,0,1,1,0.2,0,174.77889674911555,3,0
201,201,4,1033,1,1,1,0,157,1,1,1,1,1,1,1,0.89,1,63.26506518440397,2,0
202,202,5,4,1,1,1,1,138,1,1,1,1,1,1,1,0.19,1,18.803726489020452,0,1
203,203,5,29,1,0,0,0,223,0,1,1,1,1,1,1,0.2,0,21.118986622330127,0,1
204,204,5,42,1,1,1,1,102,1,1,1,1,1,1,1,0.29,1,22.725029995949598,0,1
205,205,5,105,1,1,1,0,295,1,1,1,1,0,1,1,0.68,0,43.23464830085224,1,1
206,206,5,118,1,0,0,0,376,0,1,1,0,0,1,1,0.25,0,84.87148837934694,3,1
207,207,5,245,1,1,1,0,228,1,1,1,1,1,1,1,0.95,0,57.90056074522988,2,1
208,208,5,254,1,0,0,0,362,1,0,1,1,0,1,1,0.54,0,42.75985096987612,1,1
209,209,5,260,1,0,0,0,377,1,1,1,1,0,1,1,0.91,0,59.12572910890732,2,1
210,210,5,270,1,1,1,1,168,1,1,1,1,1,1,1,0.98,1,56.689029237948624,2,1
211,211,5,321,1,1,1,0,179,1,1,1,1,1,1,1,0.28,1,29.61786525924172,1,1
212,212,5,371,1,0,0,0,332,1,0,1,1,0,1,1,0.49,0,41.09811170579373,1,1
213,213,5,400,1,0,0,0,291,1,1,1,1,0,1,1,1.4,0,78.67838280577543,3,1
214,214,5,426,1,0,1,0,342,1,0,1,1,0,1,1,1.3,0,77.45082546532288,3,1
215,215,5,442,1,0,0,0,326,0,1,1,0,0,1,1,0.29,0,86.26075299952421,3,1
216,216,5,468,1,1,1,0,209,1,1,1,1,1,1,1,1.1,0,65.05748968929038,2,1
217,217,5,474,1,0,0,0,280,1,1,1,1,1,1,1,0.48,0,38.90297042692325,1,1
218,218,5,482,1,0,0,0,342,1,0,1,1,0,1,1,0.52,0,41.13805934768328,1,1
219,219,5,483,1,0,1,0,311,1,0,1,1,0,1,1,1.2,0,74.2572901974737,2,1
220,220,5,516,1,1,1,0,158,1,1,1,1,1,1,1,0.29,1,31.201021121847106,1,1
221,221,5,595,1,0,0,0,393,1,0,1,1,0,1,1,1.4,0,81.58815673014571,3,1
222,222,5,609,1,1,1,1,147,1,1,1,1,1,1,1,0.34,1,26.537747783243425,1,1
223,223,5,623,1,1,1,1,121,1,1,1,1,1,1,1,0.2,1,18.778183639463265,0,1
224,224,5,650,1,0,0,0,323,1,0,1,1,0,1,1,0.83,0,61.35138541802,2,1
225,225,5,664,1,0,0,0,332,0,1,1,1,0,1,1,0.34,0,40.1320058551188,1,1
226,226,5,740,1,0,0,0,282,1,0,1,1,1,1,1,0.14,0,26.72258607967161,1,1
227,227,5,750,1,1,1,0,321,0,1,1,1,0,1,1,0.19,0,22.150495729239108,0,1
228,228,5,762,1,1,1,0,126,1,1,1,1,1,1,1,0.43,1,29.861088325794373,1,1
229,229,5,763,1,1,1,0,290,1,1,1,1,0,1,1,1.26,0,75.74851325100617,3,1
230,230,5,777,1,0,0,0,286,0,1,1,0,1,1,1,0.28,0,96.154660800226,3,1
231,231,5,793,1,1,1,1,94,1,1,1,1,1,1,1,0.32,1,26.499519979892312,1,1
232,232,5,869,1,1,1,0,237,1,1,1,1,1,1,1,1.2,0,73.62158896024516,2,1
233,233,5,870,1,1,1,0,145,1,1,1,1,1,1,1,0.29,1,34.33131095956753,1,1
234,234,5,885,1,0,0,0,158,0,0,1,1,1,0,1,0.27,0,36.79321061246648,1,1
235,235,5,938,1,1,1,0,158,1,1,1,1,1,1,1,0.29,1,35.20629721053945,1,1
236,236,5,945,1,0,0,0,248,1,0,1,1,1,1,1,0.13,0,24.08483416393597,0,1
237,237,5,982,1,1,1,0,168,1,0,1,1,1,1,1,0.4,0,32.70970512969658,1,1
238,238,5,996,1,0,0,0,245,0,0,1,1,1,1,1,0.37,0,36.45629343185649,1,1
239,239,5,1038,1,0,0,0,143,0,0,1,1,1,0,1,0.27,0,35.60307038511716,1,1
240,240,5,1054,1,0,0,0,260,0,1,1,1,1,0,1,0.3,0,41.55698089741315,1,1
241,241,5,1071,1,0,0,0,321,1,0,1,1,0,1,1,0.14,0,26.21939109708328,1,1
242,242,5,1072,1,1,1,0,275,0,1,1,1,1,1,1,0.86,0,57.858334769798965,2,1
243,243,5,1099,1,1,1,0,199,1,1,1,1,1,1,1,1.14,1,68.91362287385397,2,1
244,244,5,1179,1,0,0,0,352,0,0,1,1,0,1,1,0.16,0,27.908868314172448,1,1
245,245,5,1194,1,1,1,0,311,1,1,1,1,0,1,1,0.88,0,59.68938301891011,2,1
246,246,5,1200,1,1,1,0,164,1,1,1,1,1,1,1,0.47,1,34.624959573753245,1,1
247,247,5,1200,1,1,1,0,173,1,1,1,1,1,1,1,0.44,0,38.09319312013636,1,1
248,248,5,156,1,1,1,0,188,1,1,1,1,1,1,1,0.23,1,23.703263069643537,0,1
249,249,6,810,1,1,1,0,125,1,1,1,1,1,1,1,0.33,1,22.183787567821703,0,1
250,250,6,991,1,1,1,1,40,1,1,1,1,1,1,1,0.09,1,13.805738630622274,0,1
251,251,6,981,1,1,1,1,35,1,1,1,1,1,1,1,0.1,1,6.812470191569322,0,1
252,252,6,38,1,1,1,1,20,1,1,1,1,1,1,1,0.14,1,11.80252675010339,0,1
253,253,6,1173,1,0,0,0,150,0,1,1,1,1,1,1,0.38,0,29.70880760050236,1,1
254,254,6,0,1,0,0,0,250,0,0,1,0,1,0,1,0.44,0,49.24539948887298,1,1
255,255,6,617,1,0,0,0,290,0,1,1,1,0,1,1,0.66,0,51.1959297923536,2,1
256,256,6,453,1,1,1,0,210,1,1,1,1,1,1,1,0.47,0,35.15652278517522,1,1
257,257,6,131,1,0,0,0,280,0,1,1,1,1,1,1,0.25,0,25.6495997851104,1,1
258,258,6,598,1,0,0,0,385,0,0,1,1,0,1,1,0.31,0,28.0042546979502,1,1
259,259,6,844,1,0,0,0,480,1,1,1,1,0,1,1,1.28,0,76.2975437711596,3,1
260,260,6,1060,1,0,0,0,250,0,1,1,1,1,1,1,0.65,0,37.642848623130014,1,1
261,261,6,671,1,1,1,0,125,1,1,1,1,1,1,1,0.27,1,26.988685618389265,1,1
262,262,6,876,1,1,1,1,40,1,1,1,1,1,1,1,0.11,1,15.443885312584833,0,1
263,263,6,315,1,1,1,1,40,1,1,1,1,1,1,1,0.13,1,16.44669285987427,0,1
264,264,6,1083,1,1,1,0,180,1,1,1,1,1,1,1,0.17,1,22.56334284089593,0,1
265,265,6,160,1,1,1,0,245,0,1,1,1,1,1,1,0.42,0,31.68452364677155,1,1
266,266,6,657,1,1,1,0,100,1,1,1,1,1,1,1,0.07,1,6.493367845304401,0,1
267,267,6,228,1,1,1,0,182,1,1,1,0,1,1,1,0.37,0,25.170747828247965,1,1
268,268,6,1080,1,1,1,1,91,1,1,1,1,1,1,1,0.23,1,12.078270549171428,0,1
269,269,6,253,1,1,1,1,115,1,1,1,1,1,1,1,0.22,1,11.610443289044902,0,1
270,270,6,1092,1,1,1,1,62,1,1,1,1,1,1,1,0.21,1,10.577866159332483,0,1
271,271,6,773,1,0,0,0,221,1,1,1,0,1,1,1,1.3,0,106.18829969739404,3,1
272,272,6,287,1,0,0,0,326,1,1,1,0,0,1,1,0.04,0,40.29346082637956,1,1
273,273,6,271,1,1,1,1,72,1,1,1,1,1,1,1,0.29,1,19.97671800580644,0,1
274,274,6,401,1,1,1,0,211,1,1,1,1,1,1,1,0.16,0,10.474937255464727,0,1
275,275,6,1092,1,0,0,0,307,1,1,1,0,0,1,1,0.13,0,50.958408319669225,2,1
276,276,6,230,1,0,1,0,269,0,1,1,1,1,1,1,0.1,0,18.93163475165562,0,1
277,277,6,134,1,1,1,0,182,1,1,1,1,1,1,1,0.12,1,11.342889707462003,0,1
278,278,6,512,1,1,1,0,145,0,1,1,1,1,1,1,0.12,0,16.402974941529482,0,1
279,279,6,799,1,0,0,0,300,1,0,1,0,0,1,1,0.39,0,53.75424973046811,2,1
280,280,6,513,1,1,1,0,211,1,1,1,1,1,1,1,0.31,0,21.244932064375178,0,1
281,281,6,662,1,1,1,0,155,1,1,1,1,1,1,1,0.18,1,21.13841178416956,0,1
282,282,6,663,1,1,1,0,221,1,1,1,1,1,1,1,0.16,0,19.55996447188873,0,1
283,283,6,925,1,1,1,0,221,1,1,1,0,1,1,1,0.1,0,32.1476873469598,1,1
284,284,6,658,1,1,1,0,173,1,1,1,1,1,1,1,0.15,1,20.96776054585128,0,1
285,285,6,88,1,1,1,0,134,1,1,1,1,1,1,1,0.17,1,17.31180344508329,0,1
286,286,6,279,1,1,1,0,202,1,1,1,1,1,1,1,0.11,0,16.606727499216667,0,1
287,287,6,849,1,1,1,0,139,1,1,1,1,1,1,1,0.2,1,22.24642465829809,0,1
288,288,6,25,1,1,1,0,144,1,1,1,1,1,1,1,0.11,1,11.39000654405619,0,1
289,289,6,189,1,0,0,0,331,1,1,1,0,0,1,1,0.2,0,58.060619967240086,2,1
290,290,6,258,1,1,1,1,58,1,1,1,1,1,1,1,0.06,1,6.189910562678446,0,1
291,291,6,315,1,1,1,0,95,1,1,1,0,1,1,1,0.07,0,18.91823929224561,0,1
292,292,6,376,1,1,1,1,101,1,1,1,1,1,1,1,0.16,1,10.432018464881038,0,1
293,293,6,452,1,1,1,0,158,1,1,1,1,1,1,1,0.13,1,15.109897488718444,0,1
294,294,6,511,1,1,1,0,202,1,1,1,1,1,1,1,0.14,0,16.88635455311484,0,1
295,295,6,601,1,1,1,0,216,1,1,1,1,1,1,1,0.22,0,20.364252838328696,0,1
296,296,6,625,1,0,0,0,403,1,0,1,0,0,1,1,0.05,0,40.52034082022045,1,1
297,297,6,713,1,1,1,0,163,1,1,1,1,1,1,1,0.16,1,19.774805440284503,0,1
298,298,6,769,1,0,0,0,307,1,1,1,0,0,1,1,0.03,0,41.45578672037775,1,1
299,299,6,831,1,1,1,0,120,1,1,1,1,1,1,1,0.07,1,11.243442201859793,0,1
300,300,6,851,1,1,1,0,110,1,1,1,0,1,1,1,0.04,0,16.089378348627804,0,1
301,301,6,856,1,1,1,0,139,1,1,1,1,1,1,1,0.05,1,9.537188481555356,0,1
302,302,6,861,1,1,1,0,206,1,1,1,1,1,1,1,0.2,0,20.09177628385353,0,1
303,303,6,868,1,1,1,1,91,1,1,1,0,1,1,1,0.16,0,20.118246495802275,0,1
304,304,6,877,1,1,1,0,190,1,1,1,1,1,1,1,0.28,1,20.808722799497424,0,1
305,305,6,898,1,1,1,1,154,1,1,1,1,1,1,1,0.21,1,17.72682666770828,0,1
306,306,6,1057,1,1,1,0,185,1,1,1,1,1,1,1,0.32,1,26.27442276018214,1,1
307,307,6,1105,1,1,1,0,226,1,1,1,1,1,1,1,0.18,0,18.504709993866367,0,1
308,308,6,1160,1,1,1,0,154,1,1,1,1,1,1,1,0.12,1,18.44387275943206,0,1
309,309,7,349,1,1,1,0,141,1,1,1,1,1,1,1,0.34,1,32.416112827793675,1,1
310,310,7,584,1,1,1,0,146,1,1,1,1,1,1,1,0.28,1,29.30882625332688,1,0
311,311,7,1204,1,1,1,0,180,1,1,1,1,1,1,1,0.29,1,30.10523203236252,1,0
312,312,7,943,1,1,1,1,98,1,1,1,1,1,1,1,0.26,1,29.51945063610661,1,1
313,313,7,1022,1,0,0,1,219,1,1,1,1,1,1,1,2.11,0,115.49098348220213,3,0
314,314,7,1026,1,0,0,0,219,1,1,1,0,1,1,1,1.19,0,83.39769796123781,3,1
315,315,7,1154,1,1,1,0,141,1,1,1,1,1,1,1,0.54,1,40.18166798142191,1,0
316,316,7,1144,0,1,1,0,151,1,1,1,1,1,1,1,0.43,0,37.82944446001205,1,0
317,317,8,494,1,1,1,0,185,1,1,1,1,1,1,1,0.24,1,24.26542216380124,0,1
318,318,8,140,1,1,1,0,180,1,1,1,1,1,1,1,0.37,1,28.28957379286647,1,1
319,319,8,209,1,1,1,0,200,1,1,1,1,1,1,1,0.27,1,26.982258673068078,1,1
320,320,8,560,1,1,1,0,180,1,1,1,1,1,1,1,0.29,1,30.12352758028145,1,1
321,321,8,1012,1,0,0,0,105,1,0,1,1,1,1,1,0.22,0,25.58219651585617,1,1
322,322,8,200,1,0,0,0,195,1,0,1,1,1,0,1,0.43,0,38.27874070507678,1,1
323,323,8,80,1,0,0,0,230,1,0,1,1,1,1,1,0.65,0,48.40938892327916,1,1
324,324,8,249,1,1,1,0,185,1,1,1,1,1,1,1,0.2,1,20.59084829875768,0,1
325,325,8,141,1,1,1,1,115,1,1,1,1,1,1,1,0.24,1,22.983186417573627,0,1
326,326,8,149,1,1,1,0,110,1,1,1,1,1,1,1,0.22,1,20.333193635282655,0,1
327,327,8,566,1,1,1,1,55,1,1,1,1,1,1,1,0.22,1,18.2109135157121,0,1
328,328,8,1088,1,1,1,1,105,1,1,1,1,1,1,1,0.21,1,20.11224499904754,0,1
329,329,8,579,1,1,1,0,205,1,1,1,1,1,1,1,0.81,0,50.8047636455035,2,1
330,330,8,348,1,1,1,0,205,1,1,1,1,1,1,1,0.99,0,63.07191028982075,2,1
331,331,8,449,1,1,1,0,145,1,1,1,1,1,1,1,0.44,1,35.605136871822275,1,1
332,332,8,1064,1,1,1,0,125,1,1,1,1,1,1,1,0.22,1,20.405931032101257,0,1
333,333,8,797,1,0,0,0,200,0,1,1,1,1,1,1,0.28,0,26.36177358358121,1,1
334,334,8,222,1,1,1,0,210,1,1,1,1,1,1,1,1.6,0,86.08230120094188,3,1
335,335,8,1049,1,1,1,0,125,1,1,1,1,1,1,1,0.38,1,31.08501312066284,1,1
336,336,8,439,1,1,1,1,60,1,1,1,1,1,1,1,0.18,1,17.21994057702612,0,1
337,337,8,805,1,1,1,1,40,1,1,1,1,1,1,1,0.13,1,10.176366276938683,0,1
338,338,8,493,1,1,1,0,240,1,1,1,1,1,1,1,0.23,0,22.68444111014593,0,1
339,339,8,605,1,1,1,1,130,1,1,1,1,1,1,1,0.8,1,48.84067667295882,1,1
340,340,8,824,1,0,0,0,150,0,1,1,1,1,1,1,0.4,0,33.730656836996125,1,1
341,341,8,84,1,1,1,0,120,1,1,1,1,1,1,1,0.5,1,34.85676527189393,1,1
342,342,8,899,1,1,1,0,155,1,1,1,1,1,1,1,0.91,1,56.63554519318976,2,1
343,343,8,602,1,0,0,0,85,0,0,1,1,1,0,1,0.75,0,68.55370966185174,2,1
344,344,8,821,1,0,0,0,440,1,0,1,1,0,1,1,1.34,0,87.10425206560927,3,1
345,345,8,365,1,0,0,0,240,0,1,1,1,1,1,1,0.67,0,50.28526187688174,2,1
346,346,8,367,1,0,0,0,200,1,1,1,0,1,1,1,1.26,0,92.6553945864918,3,1
347,347,8,123,1,1,1,1,95,1,1,1,1,1,1,1,0.13,1,13.118847660202716,0,1
348,348,9,1,1,1,1,1,92,1,1,1,1,1,1,1,0.23,1,22.61165399604923,0,1
349,349,9,32,1,1,1,0,213,1,1,1,0,1,1,1,0.9,0,77.37134398270922,3,1
350,350,9,87,1,0,0,1,243,1,1,1,0,1,1,1,0.46,0,149.3275698086911,3,0
351,351,9,289,1,1,1,1,82,1,1,1,1,1,1,1,0.23,1,26.079424618388398,1,1
352,352,9,292,1,0,0,0,136,1,1,1,0,1,1,1,1.24,0,91.44137291298529,3,1
353,353,9,335,1,1,1,1,112,1,1,1,1,1,1,1,0.32,1,27.653081225833056,1,1
354,354,9,419,1,0,0,0,257,1,0,1,1,1,0,1,1.04,0,68.50518624944347,2,1
355,355,9,458,1,0,0,0,204,1,1,1,0,1,1,1,0.36,0,47.33029639026804,1,1
356,356,9,576,1,0,0,0,393,1,1,1,1,0,1,1,0.67,0,50.39677969882059,2,1
357,357,9,613,1,1,1,1,97,1,1,1,1,1,1,1,0.27,1,17.994900858397894,0,1
358,358,9,626,1,1,1,0,170,1,1,1,1,1,1,1,0.68,1,40.39241629651141,1,1
359,359,9,635,1,0,0,0,175,1,1,1,0,1,1,1,0.78,0,67.77962304877728,2,1
360,360,9,675,1,1,1,0,82,1,1,1,1,1,1,1,0.16,1,20.472505906491897,0,1
361,361,9,736,1,1,1,1,102,1,1,1,1,1,1,1,0.13,1,19.15937331321433,0,1
362,362,9,749,1,1,1,0,150,1,1,1,1,1,1,1,0.44,1,33.75801338361388,1,1
363,363,9,748,1,1,1,0,204,1,1,1,1,1,1,1,0.75,0,48.75142214342183,1,1
364,364,9,755,1,1,1,0,141,1,1,1,1,1,1,1,0.7,1,45.08999055187736,1,1
365,365,9,760,1,0,0,0,412,1,1,1,0,0,1,1,0.44,0,191.14161208804927,3,0
366,366,9,771,1,1,1,1,94,1,1,1,1,1,1,1,0.36,1,29.638921099684485,1,1
367,367,9,815,1,1,1,0,155,1,1,1,1,1,1,1,0.65,1,44.46752190857739,1,1
368,368,9,820,1,1,1,1,136,1,1,1,1,1,1,1,1.18,1,69.39316187170196,2,0
369,369,9,841,1,1,1,1,73,1,1,1,1,1,1,1,0.16,1,17.857935460661086,0,1
370,370,9,897,1,1,1,1,68,1,1,1,1,1,1,1,0.2,1,19.362855588926845,0,1
371,371,9,895,1,0,0,0,160,1,1,1,0,1,1,1,0.26,0,59.71714091260715,2,1
372,372,9,913,1,1,1,1,73,1,1,1,1,1,1,1,0.19,1,20.25939907052891,0,1
373,373,9,1015,1,1,1,1,136,1,1,1,0,1,1,1,0.25,0,34.70852619476436,1,1
374,374,9,1079,1,0,0,0,257,0,1,1,0,1,1,1,0.29,0,96.98002063132596,3,0
375,375,9,1084,1,1,1,0,94,1,1,1,1,1,1,1,0.23,1,25.14527557071558,1,1
376,376,9,1125,1,1,1,0,92,1,1,1,1,1,1,1,0.21,1,25.40337331661089,1,1
377,377,9,1152,1,1,1,0,233,1,1,1,0,1,1,1,0.61,0,100.78471267998631,3,1
378,378,9,1158,1,0,0,0,112,1,0,1,1,1,1,1,0.28,0,28.28054605223867,1,1
379,379,9,1202,1,1,1,1,89,1,1,1,1,1,1,1,0.12,1,18.218503601919856,0,1
380,380,10,36,1,1,1,0,110,1,1,1,1,1,1,1,0.38,1,33.80665864793346,1,1
381,381,10,86,1,1,1,0,153,1,1,1,1,1,1,1,0.21,1,24.33439002008788,0,1
382,382,10,217,1,1,1,0,200,1,1,1,1,1,1,1,0.3,1,27.095016270980544,1,1
383,383,10,300,1,1,1,0,300,1,1,1,1,0,1,1,0.76,0,51.450897713175046,2,1
384,384,10,642,1,0,0,0,243,0,0,1,1,1,0,1,0.17,0,28.66200704108745,1,1
385,385,10,656,1,0,0,0,157,1,1,1,0,1,1,1,0.16,0,41.298172079806925,1,1
386,386,10,685,1,0,0,0,295,1,0,0,1,0,0,1,0.69,0,52.302414606718365,2,1
387,387,10,866,1,0,0,0,324,1,1,1,0,0,1,1,0.51,0,56.16289515895519,2,1
388,388,10,16,1,1,1,1,166,1,1,1,1,1,1,1,0.85,1,52.35780813178235,2,1
389,389,10,137,1,0,0,0,362,1,1,1,1,0,1,1,0.82,0,55.72938384540857,2,1
390,390,10,187,1,1,1,0,176,1,1,1,1,1,1,1,0.32,1,30.32296158452207,1,1
391,391,10,208,1,0,0,0,367,1,0,1,0,0,0,1,0.33,0,54.55698559600021,2,1
392,392,10,265,1,1,1,1,148,1,1,1,0,1,1,1,0.26,0,38.41081354336584,1,1
393,393,10,265,1,0,0,0,276,1,1,1,0,1,1,1,0.36,0,51.31993911933195,2,1
394,394,10,586,1,0,0,0,590,1,1,0,0,0,0,1,0.11,0,134.87241987423073,3,1
395,395,10,616,1,1,1,0,185,1,1,1,1,1,1,1,0.23,1,24.48948524148332,0,1
396,396,10,690,1,1,1,1,76,1,1,1,1,1,1,1,0.11,1,22.329390652698848,0,1
397,397,10,747,1,0,0,0,295,1,1,1,1,0,1,1,1.05,0,67.0435496325054,2,1
398,398,10,798,1,0,0,0,200,1,1,1,0,1,1,1,0.16,0,32.94590053940346,1,1
399,399,10,320,1,1,1,0,267,1,1,1,1,1,1,1,0.46,0,39.46006878901279,1,1
400,400,10,823,1,0,0,0,190,1,1,1,1,1,1,1,0.32,0,28.913504545882983,1,1
401,401,10,1181,1,0,0,0,229,1,0,1,0,1,1,1,0.39,0,53.831789493676304,2,1
402,402,10,1190,1,1,1,1,95,1,1,1,1,1,1,1,0.2,1,25.16343535494288,1,1
403,403,10,297,1,1,1,0,129,1,1,1,1,1,1,1,0.13,1,18.088362901881336,0,1
404,404,10,418,1,0,0,0,281,0,1,1,1,1,1,1,0.25,0,37.527117597991726,1,1
405,405,10,462,1,0,0,0,181,1,1,1,1,1,1,1,0.26,1,27.24048846058154,1,1
406,406,10,501,0,0,0,0,438,1,0,1,0,0,1,1,0.25,0,92.3720006810121,3,1
407,407,10,842,1,1,1,0,124,1,1,1,1,1,1,1,0.29,1,25.360392425424788,1,1
408,408,10,1148,1,0,0,0,171,1,1,1,0,1,1,1,0.18,0,39.09500141099136,1,1
409,409,10,306,1,0,0,0,414,1,1,0,0,0,0,1,0.65,0,59.83973163425632,2,1
410,410,10,520,1,0,0,0,210,0,0,1,1,1,0,1,0.29,0,36.19228592487299,1,1
411,411,10,1136,1,1,0,0,205,1,1,1,1,1,1,1,0.44,0,35.73463232282576,1,1
412,412,10,83,1,0,0,0,176,1,1,1,1,1,0,1,0.25,0,26.38952650979613,1,1
413,413,10,141,1,0,0,0,157,0,1,1,1,1,0,1,0.35,0,35.523312506704684,1,1
414,414,10,362,1,1,1,0,157,1,1,1,0,1,1,1,0.25,0,38.274981382556405,1,1
415,415,10,416,1,1,1,0,143,1,1,1,1,1,1,1,0.29,1,26.060840079060814,1,1
416,416,10,1134,1,0,0,0,414,0,0,1,1,0,0,1,0.49,0,58.203091160797264,2,1
417,417,10,500,1,0,0,0,276,0,0,1,0,1,0,1,0.38,0,143.98783203230593,3,1
418,418,10,930,1,1,1,0,181,1,1,1,1,1,1,1,0.43,1,39.10538659040238,1,1
419,419,10,85,1,1,1,1,138,1,1,1,1,1,1,1,0.35,1,31.35110488972898,1,1
420,420,10,496,1,0,0,0,229,1,1,1,1,1,1,1,0.47,0,40.34212511148531,1,1
421,421,10,533,1,0,0,0,229,0,1,1,0,1,0,1,0.24,0,55.21121296572268,2,1
422,422,10,927,1,0,0,0,176,1,1,1,0,1,1,1,0.23,0,55.6208283835417,2,1
423,423,10,163,1,0,0,0,185,1,1,1,0,1,1,1,0.21,0,34.938251961447804,1,1
424,424,10,274,1,0,0,0,224,1,1,1,0,1,1,1,0.38,0,47.50860561786845,1,1
425,425,10,281,1,1,1,1,86,1,1,1,1,1,1,1,0.15,1,21.86814880198768,0,1
426,426,10,427,1,1,1,0,200,1,1,1,1,1,1,1,0.39,1,35.77765435495335,1,1
427,427,10,509,1,0,0,0,353,1,0,1,0,0,0,1,0.4,0,79.1221501583509,3,1
428,428,10,550,1,0,0,0,281,1,1,1,1,1,1,1,0.29,0,29.751995102147564,1,1
429,429,10,1042,1,0,0,0,195,1,1,1,0,1,0,1,0.25,0,36.55801884642894,1,1
430,430,10,1155,1,0,0,0,338,0,1,1,0,0,1,1,0.38,0,56.078187333232016,2,1
431,431,10,466,1,0,0,0,358,1,1,1,1,0,1,1,1.18,0,72.88252462441731,2,1
432,432,10,575,1,0,0,0,305,0,0,1,0,0,0,1,0.13,0,151.74290315221413,3,1
433,433,10,653,1,0,0,0,224,1,1,1,1,1,1,1,0.24,0,25.775717985143977,1,1
434,434,10,680,1,1,1,0,86,1,1,1,1,1,1,1,0.13,1,18.674978453015694,0,1
435,435,10,995,1,1,1,0,205,0,1,1,0,1,1,1,0.22,0,35.52715002107288,1,1
436,436,10,374,1,0,0,0,248,0,0,0,0,1,0,1,0.6,0,62.35774897487304,2,1
437,437,10,596,1,0,0,0,238,1,1,1,1,1,1,1,0.34,0,33.182799718198,1,1
438,438,10,710,1,1,1,1,148,1,1,1,1,1,1,1,0.17,1,25.15534447294732,1,1
439,439,10,741,1,0,0,0,385,1,1,1,1,0,0,1,0.77,0,59.90309135893043,2,1
440,440,10,745,1,1,1,0,114,1,1,1,0,1,1,1,0.14,0,28.850309597260328,1,1
441,441,10,922,1,0,0,0,166,1,0,1,1,1,0,1,0.69,0,54.54027790161104,2,1
442,442,10,1014,1,1,1,1,153,1,1,1,1,1,1,1,0.26,1,26.17750657589902,1,1
443,443,10,539,1,1,1,0,229,1,1,1,0,1,1,1,0.54,0,50.07037632851844,2,1
444,444,10,545,1,0,0,0,181,1,1,1,0,1,1,1,0.22,0,45.83862194687371,1,1
445,445,10,910,1,1,1,0,210,1,1,1,1,1,1,1,0.58,0,39.93743869546845,1,1
446,446,10,1135,1,0,0,0,224,1,1,1,0,1,1,1,0.32,0,72.51633727023982,2,1
447,447,10,932,1,1,1,0,138,1,1,1,1,1,1,1,0.28,1,27.01735329723348,1,1
448,448,10,146,1,0,0,0,414,1,0,1,0,0,1,1,0.35,0,46.09829534695528,1,1
449,449,10,871,1,1,1,0,138,1,1,1,1,1,1,1,0.36,1,30.218228748729462,1,1
450,450,10,947,1,1,1,0,138,1,1,1,0,1,1,1,0.17,0,29.56968463140292,1,1
451,451,10,195,1,0,0,0,229,1,1,1,1,1,1,1,0.21,0,27.577359631834565,1,1
452,452,10,390,1,0,0,0,371,1,1,1,0,0,0,1,0.34,0,166.08096537282864,3,1
453,453,10,444,1,0,0,0,166,0,0,1,1,1,0,1,0.29,0,34.49942204548742,1,1
454,454,10,446,1,0,0,0,181,1,1,1,1,1,1,1,0.27,1,26.73091080128741,1,1
455,455,10,479,1,0,0,0,400,1,1,0,1,0,1,1,0.88,0,62.34220507237948,2,1
456,456,10,495,1,0,0,0,205,1,1,1,1,1,1,1,0.34,0,31.249930483555367,1,1
457,457,10,802,1,1,1,0,195,1,1,1,1,1,1,1,0.29,1,28.57991949848527,1,1
458,458,10,916,1,0,0,0,319,0,1,1,0,0,1,1,0.16,0,63.25630305546853,2,1
459,459,10,904,1,0,0,0,176,1,1,1,0,1,1,1,0.17,0,64.92332674398956,2,1
460,460,10,1121,1,1,1,0,90,1,1,1,1,1,1,1,0.17,1,21.950108109959395,0,1
461,461,11,133,1,1,1,1,153,1,1,1,1,1,1,1,0.55,1,36.79070173680724,1,1
462,462,11,227,1,0,0,0,604,0,0,0,0,0,0,1,0.21,0,84.15481559885616,3,1
463,463,11,597,1,1,1,0,180,1,1,1,1,1,1,1,0.27,1,27.66646046662631,1,1
464,464,11,826,1,1,1,0,140,1,1,1,1,1,1,1,0.08,1,14.889932413938729,0,1
465,465,11,872,1,1,1,1,145,1,1,1,1,1,1,1,0.2,1,20.71401413029295,0,1
466,466,11,984,1,1,1,1,120,1,1,1,0,1,1,1,0.11,0,30.016224447540985,1,1
467,467,11,1106,1,1,1,1,130,1,1,1,1,1,1,1,0.21,1,20.35782450607519,0,1
468,468,12,17,1,1,1,1,25,1,1,1,1,1,1,1,0.18,1,11.785604689755976,0,1
469,469,12,22,1,1,1,0,115,1,1,1,1,1,1,1,0.2,1,15.685253937401804,0,1
470,470,12,33,1,1,1,0,188,1,1,1,1,1,1,1,0.3,1,23.70504874501023,0,1
471,471,12,174,1,0,0,1,695,1,1,0,1,0,1,1,1.1,0,66.43362606096787,2,1
472,472,12,310,1,1,1,1,15,1,1,1,1,1,1,1,0.1,1,9.808915639699894,0,1
473,473,12,328,1,1,1,1,40,1,1,1,1,1,1,1,0.08,1,5.911321231358147,0,1
474,474,12,334,1,0,0,0,495,1,1,1,1,0,1,1,1.3,0,77.5106710289934,3,1
475,475,12,339,1,0,0,0,365,1,1,1,0,0,1,1,0.29,0,86.58104424399028,3,1
476,476,12,381,1,1,1,1,225,1,1,1,1,1,1,1,0.46,0,32.99302390024051,1,1
477,477,12,424,1,1,1,1,20,1,1,1,1,1,1,1,0.09,1,8.783482287034422,0,1
478,478,12,486,1,1,1,1,35,1,1,1,1,1,1,1,0.66,1,33.50252578774218,1,1
479,479,12,519,1,1,1,0,225,1,1,1,0,1,1,1,0.11,0,30.952028162085405,1,1
480,480,12,521,1,1,1,1,30,1,1,1,1,1,1,1,0.1,1,13.8173682279845,0,1
481,481,12,527,1,1,1,0,135,1,1,1,1,1,1,1,0.17,1,20.449400095160545,0,1
482,482,12,554,1,1,1,1,90,1,1,1,1,1,1,1,0.24,1,20.830443192808783,0,1
483,483,12,594,1,1,1,1,69,1,1,1,1,1,1,1,0.19,1,13.03236662735138,0,1
484,484,12,585,1,0,0,0,230,1,1,1,0,1,1,1,0.24,0,63.24173416639849,2,1
485,485,12,659,1,1,1,1,84,1,1,1,1,1,1,1,0.19,1,12.694936833724084,0,1
486,486,12,770,1,1,1,1,135,1,1,1,0,1,1,1,0.24,0,39.611973429207154,1,1
487,487,12,917,1,1,1,0,265,1,1,1,1,1,1,1,0.77,0,44.80557713792079,1,1
488,488,12,926,1,1,1,1,35,1,1,1,1,1,1,1,0.2,1,12.7315138762579,0,1
489,489,12,944,1,1,1,1,163,1,1,1,1,1,1,1,0.37,1,25.80396321572431,1,1
490,490,12,1013,1,0,1,0,297,1,1,1,1,0,1,1,0.51,0,35.256793024692776,1,1
491,491,12,983,1,1,1,1,130,1,1,1,1,1,1,1,0.27,1,27.61635978666152,1,1
492,492,12,1102,1,0,0,0,163,1,1,1,1,1,1,1,0.2,1,18.33743593575617,0,1
493,493,12,1041,1,1,1,1,40,1,1,1,1,1,1,1,0.17,1,12.491108475939695,0,1
494,494,12,1126,1,1,1,1,40,1,1,1,1,1,1,1,0.15,1,9.796022278095784,0,1
495,495,12,33,1,1,1,0,205,1,1,1,1,1,1,1,0.39,0,29.1421047179192,1,1
496,496,13,190,1,1,1,1,115,1,1,1,1,1,1,1,0.14,1,17.72635535130855,0,1
497,497,13,207,1,1,1,1,130,1,1,1,1,1,1,1,0.29,1,23.360046272591077,0,1
498,498,13,218,1,1,1,0,150,1,1,1,1,1,1,1,0.71,1,44.72666762336693,1,1
499,499,13,259,1,1,1,1,30,1,1,1,1,1,1,1,0.14,1,13.850124922975729,0,1
500,500,13,277,1,1,1,1,85,1,1,1,1,1,1,1,0.39,1,22.94462376913295,0,1
501,501,13,528,1,0,0,0,35,0,1,1,1,1,1,1,0.41,0,28.450350752354183,1,1
502,502,13,632,1,1,1,1,145,1,1,1,1,1,1,1,0.36,1,30.769766630238465,1,1
503,503,13,676,1,1,1,1,135,1,1,1,1,1,1,1,0.37,1,28.687244921209512,1,1
504,504,13,738,1,1,1,0,110,1,1,1,1,1,1,1,0.23,1,20.375783906886458,0,1
505,505,13,890,1,1,1,1,35,1,1,1,1,1,1,1,0.33,1,23.779293638198045,0,1
506,506,13,993,1,1,1,0,150,1,1,1,1,1,1,1,0.21,1,23.042608344181133,0,1
507,507,13,1039,1,1,1,0,75,1,1,1,1,1,1,1,0.17,1,17.572263660363483,0,1
508,508,13,1100,1,1,1,1,50,1,1,1,1,1,1,1,0.09,1,12.666330590320854,0,1
509,509,13,1115,1,1,1,0,100,1,1,1,1,1,1,1,0.13,1,17.718877252809747,0,1
510,510,14,21,1,1,1,0,285,1,1,1,1,1,1,1,0.54,0,40.323562819684376,1,1
511,511,14,41,1,0,0,0,285,0,0,1,1,1,1,1,0.22,0,28.278920341117423,1,1
512,512,14,94,1,0,0,0,610,1,0,0,1,0,0,0,3.32,0,183.07002162765284,3,1
513,513,14,116,1,1,1,1,100,1,1,1,1,1,1,1,0.25,1,23.222922778721745,0,1
514,514,14,124,1,0,0,0,340,1,0,1,1,0,1,1,0.71,0,48.74658286764958,1,1
515,515,14,150,1,1,1,0,250,1,1,1,1,1,1,1,0.25,0,25.10043266627549,1,1
516,516,14,152,1,1,1,0,145,1,1,1,1,1,1,1,0.16,1,18.968394756037195,0,1
517,517,14,180,1,1,1,0,105,0,1,1,1,1,1,1,0.09,0,13.719946733307353,0,1
518,518,14,213,1,0,0,0,400,1,0,1,1,0,1,1,1.44,0,91.0396780816858,3,1
519,519,14,233,1,0,0,0,155,1,0,1,1,1,1,1,0.29,0,32.69131948778608,1,1
520,520,14,244,1,1,1,0,170,1,1,1,1,1,1,1,0.43,1,33.31450190589977,1,1
521,521,14,294,1,1,1,0,110,1,1,1,1,1,1,1,0.21,1,22.66744511781425,0,1
522,522,14,307,1,0,0,0,140,0,1,1,1,1,1,1,0.11,0,19.030790152327626,0,1
523,523,14,324,1,0,0,0,285,1,1,1,1,1,1,1,0.24,0,33.82233211538032,1,1
524,524,14,361,1,0,0,0,200,1,0,1,1,1,1,1,0.18,0,23.798955654112664,0,1
525,525,14,429,1,1,1,0,300,1,1,1,1,0,1,1,1.84,0,103.56920214878278,3,1
526,526,14,445,1,0,0,0,430,1,1,0,1,0,1,1,1.7,0,102.08253951271124,3,0
527,527,14,448,1,0,0,0,460,1,1,0,1,0,1,1,1.32,0,84.30612893885244,3,0
528,528,14,475,1,1,1,1,105,1,1,1,1,1,1,1,0.21,1,20.591878096007985,0,1
529,529,14,517,1,1,1,0,135,1,1,1,1,1,1,1,0.56,1,42.63915363728664,1,1
530,530,14,573,1,1,1,0,155,1,1,1,1,1,1,1,0.2,1,22.181584609806407,0,1
531,531,14,587,1,1,1,1,180,1,1,1,1,1,1,1,0.26,1,24.55484867294636,0,1
532,532,14,636,1,0,0,0,210,1,0,1,1,1,1,1,0.36,0,31.065704178091178,1,1
533,533,14,686,1,0,0,0,395,1,0,1,1,0,1,1,0.54,0,47.64433825920747,1,1
534,534,14,737,0,0,0,0,310,1,1,1,1,0,1,1,2.2,0,124.8026982768357,3,0
535,535,14,778,1,0,0,0,265,1,0,1,0,1,1,1,0.17,0,44.23716095519445,1,1
536,536,14,789,1,1,1,0,265,1,1,1,1,1,1,1,1.53,0,88.2620003187114,3,1
537,537,14,822,1,1,1,0,205,1,1,1,1,1,1,1,0.74,0,52.328919053251695,2,1
538,538,14,764,1,1,1,1,130,1,1,1,1,1,1,1,0.23,1,26.366948044099928,1,1
539,539,14,843,1,0,0,0,195,1,0,1,1,1,1,1,0.82,0,54.84247886414205,2,1
540,540,14,931,1,1,1,0,165,1,1,1,1,1,1,1,0.17,1,20.11167254980715,0,1
541,541,14,1028,1,1,1,0,185,1,1,1,1,1,1,1,0.2,1,22.652475348693194,0,1
542,542,14,1059,1,0,1,0,250,1,1,1,1,1,1,1,1.52,0,84.16352748687582,3,1
543,543,14,1069,1,0,0,0,280,1,0,1,1,1,1,1,1.6,0,92.1643082024027,3,1
544,544,14,1130,1,0,0,0,535,1,0,0,1,0,0,1,0.93,0,72.51188677424167,2,1
545,545,14,1141,1,1,1,0,190,1,1,1,1,1,1,1,0.28,1,30.972152465187303,1,1
546,546,14,1186,1,1,1,0,180,1,1,1,1,1,1,1,0.2,1,21.604849168279337,0,1
547,547,14,1188,1,0,0,0,325,1,0,1,1,0,0,1,0.6,0,46.48860459606729,1,1
548,548,15,130,1,1,1,1,41,1,1,1,1,1,1,1,0.15,1,18.041055475311616,0,1
549,549,15,380,1,0,0,1,407,1,1,1,0,0,1,1,0.15,0,64.41800242401806,2,1
550,550,15,406,1,1,1,0,191,1,1,1,1,1,1,1,0.11,1,16.982596122193836,0,1
551,551,15,591,1,1,1,1,103,1,1,1,1,1,1,1,0.14,1,19.46419678078856,0,1
552,552,15,634,1,1,1,1,196,1,1,1,1,1,1,1,0.15,1,23.12334708094617,0,1
553,553,15,649,1,1,1,0,211,1,1,1,1,1,1,1,0.24,0,32.057444047895025,1,1
554,554,15,730,1,1,1,1,118,1,1,1,1,1,1,1,0.15,1,24.7503080688043,0,1
555,555,15,756,1,1,1,0,129,1,1,1,1,1,1,1,0.1,1,20.28792180079293,0,1
556,556,15,866,1,1,1,1,46,1,1,1,1,1,1,1,0.12,1,21.45692060831417,0,1
557,557,15,878,1,1,1,0,221,1,1,1,0,1,1,1,0.2,0,49.07039069317464,1,1
558,558,15,914,1,1,1,1,118,1,1,1,1,1,1,1,0.12,1,19.230820877124295,0,1
559,559,15,915,1,1,1,1,72,1,1,1,1,1,1,1,0.12,1,19.47509373822699,0,1
560,560,15,603,1,1,1,1,118,1,1,1,1,1,1,1,0.15,1,28.243148030683475,1,1
561,561,15,986,1,1,1,1,67,1,1,1,1,1,1,1,0.1,1,21.54845848133175,0,1
562,562,15,1056,1,1,1,0,216,1,1,1,0,1,1,1,0.19,0,44.52592255766171,1,1
563,563,15,1123,1,1,1,1,72,1,1,1,1,1,1,1,0.13,1,20.613137589064404,0,1
564,564,15,1163,1,1,1,0,170,1,1,1,1,1,1,1,0.17,1,29.4838337187024,1,1
565,565,16,43,1,1,1,0,168,1,1,1,1,1,1,1,0.03,1,11.354448656189952,0,1
566,566,16,173,1,1,1,0,221,1,1,1,1,1,1,1,0.08,0,10.69497044560438,0,1
567,567,16,286,1,0,0,0,259,1,1,1,1,1,1,1,0.13,0,16.76870425423093,0,1
568,568,16,291,1,0,0,0,288,1,1,1,0,0,1,1,0.21,0,31.39553198336701,1,1
569,569,16,325,1,0,0,1,394,1,1,0,1,0,1,1,0.41,0,38.30377973023884,1,1
570,570,16,384,1,0,0,0,178,1,1,0,1,1,0,1,0.16,0,19.135104148710848,0,1
571,571,16,491,1,1,1,1,254,1,1,1,1,1,1,1,0.1,0,20.064665096885715,0,1
572,572,16,505,1,0,0,0,182,1,1,1,0,1,1,1,0.06,0,37.62201251239394,1,1
573,573,16,518,1,1,1,0,170,1,1,1,1,1,1,1,0.07,1,9.159633079977596,0,1
574,574,16,526,1,0,0,0,302,1,1,0,1,0,0,1,0.22,0,26.03778650412952,1,1
575,575,16,538,1,0,0,0,192,1,1,1,1,1,1,1,0.23,0,23.18493173037923,0,1
576,576,16,580,1,1,1,0,163,1,1,1,1,1,1,1,0.11,1,12.689737252747472,0,1
577,577,16,628,1,0,0,0,235,1,1,1,1,1,1,1,0.14,0,19.22980012323885,0,1
578,578,16,828,1,0,0,0,264,1,0,1,0,1,0,1,0.12,0,31.25798546098659,1,1
579,579,16,852,1,0,0,0,178,1,1,1,0,1,1,1,0.06,0,50.28864082613616,2,1
580,580,16,912,1,1,1,0,96,1,1,1,1,1,1,1,0.07,1,16.840328255745796,0,1
581,581,16,988,1,0,0,0,226,1,1,1,0,1,1,1,0.05,0,28.271226673708885,1,1
582,582,16,994,1,0,0,0,230,1,0,1,1,1,0,1,0.1,0,26.48169693717225,1,1
583,583,17,1112,1,1,1,0,248,1,1,1,0,1,1,1,0.26,0,50.97328836276037,2,1
584,584,17,203,1,1,1,0,152,1,1,1,1,1,1,1,0.45,1,34.28446301164712,1,1
585,585,17,866,1,1,1,1,59,1,1,1,1,1,1,1,0.4,1,32.31984172271713,1,1
586,586,17,604,1,1,1,1,30,1,1,1,1,1,1,1,0.15,1,13.79316627308924,0,1
587,587,17,1116,1,1,1,1,25,1,1,1,1,1,1,1,0.15,1,12.505034238830314,0,1
588,588,17,283,1,1,1,0,191,1,1,1,1,1,1,1,0.26,1,23.781737738456837,0,1
589,589,17,547,1,1,1,1,79,1,1,1,1,1,1,1,0.22,1,20.981114170853647,0,1
590,590,17,902,1,1,1,1,152,1,1,1,1,1,1,1,0.26,1,26.534363583459506,1,1
591,591,17,1073,1,1,1,0,98,1,1,1,1,1,1,1,0.15,1,20.478271808732416,0,1
592,592,17,122,1,0,0,0,157,1,1,1,0,1,1,1,0.36,0,53.017642741518,2,1
593,593,17,172,1,1,1,1,64,1,1,1,1,1,1,1,0.1,1,12.012102555436964,0,1
594,594,17,240,1,1,1,0,201,1,1,1,1,1,1,1,0.44,0,33.5677559038737,1,1
595,595,17,347,1,1,1,0,216,1,1,1,0,1,1,1,0.14,0,33.85846429229513,1,1
596,596,17,646,1,1,1,1,108,1,1,1,1,1,1,1,0.17,1,16.55524133047003,0,1
597,597,17,181,1,1,1,1,64,1,1,1,1,1,1,1,1.05,1,60.232196530008544,2,1
598,598,17,359,1,1,1,1,54,1,1,1,1,1,1,1,0.11,1,15.734823252458195,0,1
599,599,17,368,1,1,1,0,108,1,1,1,1,1,1,1,0.13,1,20.91834665212936,0,1
600,600,17,407,1,1,1,1,34,1,1,1,1,1,1,1,0.09,1,10.328826298614455,0,1
601,601,17,433,1,1,1,0,166,1,1,1,1,1,1,1,0.17,1,25.05880256225841,1,1
602,602,17,811,1,1,1,1,74,1,1,1,0,1,1,1,0.12,0,25.171174111804294,1,1
603,603,17,907,1,1,1,0,181,1,1,1,0,1,1,1,0.21,0,41.719645146288805,1,1
604,604,17,992,1,1,1,1,69,1,1,1,1,1,1,1,0.11,1,17.397734743249107,0,1
605,605,17,484,1,1,1,0,166,1,1,1,0,1,1,1,0.19,0,37.10088961801903,1,1
606,606,17,24,1,0,0,0,181,0,1,1,1,1,1,1,0.13,0,18.67963274315117,0,1
607,607,17,431,1,1,1,0,206,1,1,1,1,1,1,1,0.34,0,32.00292723388802,1,1
608,608,17,804,1,1,1,0,112,1,1,1,1,1,1,1,0.3,1,24.0456390318986,0,1
609,609,17,873,1,1,1,0,166,1,1,1,1,1,1,1,0.23,1,21.490355371687965,0,1
610,610,17,90,1,1,1,1,122,1,1,1,1,1,1,1,0.23,1,25.186524537238714,1,1
611,611,17,559,1,1,1,1,59,1,1,1,1,1,1,1,0.22,1,20.294683562898943,0,1
612,612,17,629,1,1,1,1,112,1,1,1,1,1,1,1,0.29,1,26.5364966712209,1,1
613,613,17,1196,1,0,1,1,25,1,1,1,1,1,1,1,0.1,0,8.952149815863505,0,1
614,614,17,199,1,1,1,1,93,1,1,1,1,1,1,1,0.21,1,22.270694686096167,0,1
615,615,17,465,1,1,1,1,74,1,1,1,1,1,1,1,0.26,1,23.88573472173751,0,1
616,616,17,561,1,1,1,1,64,1,1,1,1,1,1,1,0.21,1,21.640034183636065,0,1
617,617,17,1029,1,1,1,0,127,1,1,1,1,1,1,1,0.27,1,30.395178612824257,1,1
618,618,17,257,1,0,0,0,181,1,1,1,0,1,1,1,0.28,0,53.88714486394901,2,1
619,619,17,452,1,1,1,1,127,1,1,1,1,1,1,1,0.42,1,35.55954733076383,1,1
620,620,17,485,1,1,1,1,54,1,1,1,1,1,1,1,0.16,1,22.54294740667715,0,1
621,621,17,551,1,1,1,0,157,1,1,1,1,1,1,1,0.17,1,26.86679730720013,1,1
622,622,17,643,1,1,1,0,255,1,1,1,0,1,1,1,0.23,0,42.625124137519165,1,1
623,623,17,644,1,0,0,0,176,1,1,1,0,1,1,1,0.22,0,32.06178013612882,1,1
624,624,17,825,1,1,1,0,117,1,1,1,1,1,1,1,0.48,1,35.15887662161402,1,1
625,625,17,840,1,0,0,0,226,0,1,1,1,1,1,1,0.35,0,37.13777891845886,1,1
626,626,17,879,1,1,1,0,127,1,1,1,1,1,1,1,0.23,1,23.599657512630287,0,1
627,627,17,121,1,1,1,0,162,1,1,1,1,1,1,1,0.25,1,24.535246096988462,0,1
628,628,17,268,1,1,1,1,84,1,1,1,1,1,1,1,0.3,1,26.054412666711396,1,1
629,629,17,637,1,1,1,1,117,1,1,1,1,1,1,1,0.86,1,53.92193161744331,2,1
630,630,17,667,1,0,0,0,196,0,1,1,0,1,1,1,0.55,0,50.82378835186304,2,1
631,631,17,697,1,1,1,0,142,1,1,1,0,1,1,1,0.15,0,50.13463440322426,2,1
632,632,17,791,1,1,1,1,54,1,1,1,1,1,1,1,0.12,1,18.600862728514794,0,1
633,633,17,1149,1,1,1,1,39,1,1,1,1,1,1,1,0.81,1,42.379501451608654,1,1
634,634,17,1189,1,1,1,1,59,1,1,1,1,1,1,1,0.28,1,23.163232692995173,0,1
635,635,17,95,1,1,1,1,54,1,1,1,1,1,1,1,0.12,1,14.363068129229257,0,1
636,636,17,414,1,1,1,1,44,1,1,1,1,1,1,1,0.19,1,16.546391032265426,0,1
637,637,17,1138,1,1,1,0,122,1,1,1,0,1,1,1,0.14,0,37.80729731611613,1,1
638,638,17,1192,1,1,1,1,49,1,1,1,1,1,1,1,0.12,1,13.187544597658007,0,1
639,639,17,8,1,1,1,1,59,1,1,1,1,1,1,1,0.21,1,20.33491777614176,0,1
640,640,17,236,1,1,1,0,112,1,1,1,1,1,1,1,0.23,1,29.13377154733813,1,1
641,641,17,514,1,1,1,0,132,1,1,1,1,1,1,1,0.34,1,29.27955097075357,1,1
642,642,17,589,1,1,1,1,25,1,1,1,1,1,1,1,0.15,1,14.764273486637476,0,1
643,643,17,727,1,1,1,1,25,1,1,1,1,1,1,1,0.18,1,14.051400674275548,0,1
644,644,17,881,1,1,1,1,34,1,1,1,1,1,1,1,0.15,1,15.68140520020368,0,1
645,645,17,923,1,1,1,1,44,1,1,1,1,1,1,1,0.17,1,13.473788790586523,0,1
646,646,17,1162,1,1,1,0,127,1,1,1,1,1,1,1,0.23,1,24.65920376781395,0,1
647,647,18,138,1,1,1,0,179,1,1,1,1,1,1,1,0.27,1,33.19363891981183,1,1
648,648,18,184,1,0,0,0,198,1,1,1,0,1,1,1,0.36,0,40.50222200710619,1,1
649,649,18,223,1,1,1,1,134,1,1,1,1,1,1,1,0.55,1,33.92957926134249,1,1
650,650,18,226,1,1,1,1,66,1,1,1,1,1,1,1,0.1,1,9.616296907678713,0,1
651,651,18,247,1,1,1,0,79,1,1,1,1,1,1,1,0.07,1,15.065789559343294,0,1
652,652,18,284,1,1,1,1,127,1,1,1,0,1,1,1,0.16,0,25.51808657401393,1,1
653,653,18,438,1,1,1,0,226,1,1,1,1,1,1,1,0.18,0,19.918700659528778,0,1
654,654,18,510,1,1,1,1,151,1,1,1,1,1,1,1,0.34,1,28.000233174458824,1,1
655,655,18,536,1,1,1,1,83,1,1,1,1,1,1,1,0.08,1,11.70159304744979,0,1
656,656,18,537,1,1,1,1,77,1,1,1,1,1,1,1,0.19,1,20.180127495876707,0,1
657,657,18,542,1,1,1,1,79,1,1,1,1,1,1,1,0.09,1,14.349439707645988,0,1
658,658,18,543,1,1,1,1,55,1,1,1,1,1,1,1,0.11,1,9.61371670407138,0,1
659,659,18,614,1,1,1,1,44,1,1,1,1,1,1,1,0.07,1,8.064419171140942,0,1
660,660,18,672,1,1,1,1,116,1,1,1,1,1,1,1,0.08,1,10.414092095702864,0,1
661,661,18,673,1,1,1,1,50,1,1,1,1,1,1,1,0.05,1,8.259509133515447,0,1
662,662,18,724,1,0,0,0,231,1,0,1,1,1,1,1,0.25,0,23.592458229985645,0,1
663,663,18,857,1,1,1,1,77,1,1,1,1,1,1,1,0.06,1,10.392810991976454,0,1
664,664,18,858,1,1,1,1,37,1,1,1,1,1,1,1,0.09,1,7.9036308472996035,0,1
665,665,18,875,1,0,0,0,765,0,0,0,0,0,0,1,0.06,0,271.4228748446425,3,1
666,666,18,882,1,1,1,1,102,1,1,1,1,1,1,1,0.05,1,20.15916358923368,0,1
667,667,18,906,1,1,1,0,176,1,1,1,0,1,1,1,0.14,0,43.090224929287686,1,1
668,668,18,984,1,1,1,1,77,1,1,1,1,1,1,1,0.15,1,20.87369351682731,0,1
669,669,18,1052,1,1,1,0,303,1,1,1,1,0,1,1,0.49,0,42.322869141236986,1,1
670,670,18,1131,1,1,1,0,165,1,1,1,1,1,1,1,0.27,1,26.32675207056259,1,1
671,671,18,1146,1,1,1,1,55,1,1,1,1,1,1,1,0.09,1,18.68492953676177,0,1
672,672,18,1150,1,1,1,1,77,1,1,1,1,1,1,1,0.08,1,15.490778937989129,0,1
673,673,18,812,1,1,1,1,127,1,1,1,0,1,1,1,0.18,0,38.96141562767038,1,1
674,674,18,45,1,1,1,1,99,1,1,1,1,1,1,1,0.29,1,24.776237759260823,0,1
675,675,18,46,1,1,1,0,181,1,1,1,0,1,1,1,0.25,0,32.69850126394822,1,1
676,676,18,47,1,1,1,0,209,1,1,1,0,1,1,1,0.25,0,33.9494603418024,1,1
677,677,18,48,1,1,1,1,134,1,1,1,1,1,1,1,0.11,1,18.80201507114256,0,1
678,678,18,49,1,1,1,1,125,1,1,1,0,1,1,1,0.09,0,24.519686032487623,0,1
679,679,18,50,1,1,1,1,55,1,1,1,1,1,1,1,0.1,1,17.819630088166438,0,1
680,680,18,51,1,1,1,1,121,1,1,1,1,1,1,1,0.21,1,26.638198875905506,1,1
681,681,18,52,1,1,1,0,154,1,1,1,1,1,1,1,0.17,1,17.240983567116345,0,1
682,682,18,53,1,1,1,1,121,1,1,1,0,1,1,1,0.16,0,27.704228346236054,1,1
683,683,18,54,1,1,1,1,99,1,1,1,1,1,1,1,0.07,1,20.439971658462547,0,1
684,684,18,55,1,1,1,0,165,1,1,1,1,1,1,1,0.17,1,18.596878935243566,0,1
685,685,18,56,1,1,1,1,127,1,1,1,1,1,1,1,0.19,1,22.61242313493691,0,1
686,686,18,57,1,1,1,0,132,1,1,1,1,1,1,1,0.19,1,21.27533707408795,0,1
687,687,18,58,1,1,1,1,72,1,1,1,1,1,1,1,0.05,1,5.590406730641047,0,1
688,688,18,59,1,1,1,1,44,1,1,1,1,1,1,1,0.04,1,4.7881916865012135,0,1
689,689,18,60,1,1,1,1,25,1,1,1,1,1,1,1,0.09,1,4.741497467999371,0,1
690,690,18,61,1,1,1,1,127,1,1,1,1,1,1,1,0.08,1,11.209156413981754,0,1
691,691,18,62,1,1,1,1,88,1,1,1,1,1,1,1,0.06,1,9.538502798065204,0,1
692,692,18,63,1,1,1,1,111,1,1,1,1,1,1,1,0.05,1,12.561792264710467,0,1
693,693,18,64,1,1,1,1,146,1,1,1,1,1,1,1,0.12,1,18.01576571259876,0,1
694,694,18,65,1,1,1,1,67,1,1,1,1,1,1,1,0.06,1,12.827276132847738,0,1
695,695,18,66,1,1,1,1,88,1,1,1,1,1,1,1,0.18,1,20.714377110295374,0,1
696,696,18,67,1,1,1,0,123,1,1,1,1,1,1,1,0.18,1,20.023386014117843,0,1
697,697,18,68,1,1,1,1,44,1,1,1,1,1,1,1,0.05,1,6.411895548711468,0,1
698,698,18,69,1,1,1,1,50,1,1,1,1,1,1,1,0.14,1,12.088100446167644,0,1
699,699,18,70,1,1,1,1,143,1,1,1,1,1,1,1,0.07,1,9.393946054559658,0,1
700,700,18,71,1,1,1,1,55,1,1,1,1,1,1,1,0.13,1,9.237640295988344,0,1
701,701,18,72,1,1,1,1,116,1,1,1,0,1,1,1,0.16,0,27.16494753574677,1,1
702,702,18,73,1,1,1,1,61,1,1,1,1,1,1,1,0.07,1,12.006730329690798,0,1
703,703,18,74,1,1,1,1,50,1,1,1,1,1,1,1,0.08,1,6.44975176741881,0,1
704,704,18,75,1,1,1,1,100,1,1,1,1,1,1,1,0.06,1,5.907261340789935,0,1
705,705,18,76,1,1,1,1,105,1,1,1,1,1,1,1,0.06,1,7.2961484606324944,0,1
706,706,18,77,1,1,1,1,86,1,1,1,1,1,1,1,0.06,1,10.50523487698901,0,1
707,707,19,15,1,1,1,1,64,1,1,1,1,1,1,1,0.17,1,19.463967186879508,0,1
708,708,19,30,1,1,1,0,188,1,1,1,0,1,1,1,0.19,0,39.929177815196645,1,1
709,709,19,113,1,1,1,1,79,1,1,1,1,1,1,1,0.12,1,9.752694540609808,0,1
710,710,19,115,1,1,1,1,45,1,1,1,1,1,1,1,0.09,1,10.244749583708016,0,1
711,711,19,126,1,1,1,1,89,1,1,1,1,1,1,1,0.12,1,15.395909087435326,0,1
712,712,19,153,1,1,1,1,94,1,1,1,1,1,1,1,0.11,1,13.00377043213132,0,1
713,713,19,215,1,1,1,1,44,1,1,1,1,1,1,1,0.09,1,8.85075432135562,0,1
714,714,19,234,1,0,0,0,297,1,1,1,0,0,1,1,0.25,0,54.41938022806263,2,1
715,715,19,251,1,1,1,1,84,1,1,1,1,1,1,1,0.13,1,14.026545828065114,0,1
716,716,19,269,1,1,1,0,139,1,1,1,0,1,1,1,0.11,0,39.58342821082617,1,1
717,717,19,273,1,1,1,1,84,1,1,1,1,1,1,1,0.15,1,13.863480033977016,0,1
718,718,19,290,1,1,1,1,109,1,1,1,1,1,1,1,0.1,1,13.050393294380347,0,1
719,719,19,309,1,1,1,1,45,1,1,1,1,1,1,1,0.09,1,11.690254833246865,0,1
720,720,19,272,1,1,1,1,84,1,1,1,1,1,1,1,0.08,1,10.897496134279962,0,1
721,721,19,326,1,1,1,1,54,1,1,1,1,1,1,1,0.06,1,8.384522288143962,0,1
722,722,19,340,1,1,1,1,64,1,1,1,1,1,1,1,0.12,1,11.17746748705129,0,1
723,723,19,350,1,1,1,1,50,1,1,1,1,1,1,1,0.09,1,11.014467119372696,0,1
724,724,19,355,1,1,1,1,99,1,1,1,1,1,1,1,0.12,1,14.430370322252315,0,1
725,725,19,363,1,1,1,1,50,1,1,1,1,1,1,1,0.07,1,12.888944988886143,0,1
726,726,19,377,1,1,1,1,56,1,1,1,1,1,1,1,0.17,1,15.361420128124248,0,1
727,727,19,379,1,1,1,0,158,1,1,1,0,1,1,1,0.07,0,22.00052261874335,0,1
728,728,19,392,1,1,1,1,45,1,1,1,1,1,1,1,0.06,1,6.091274228504741,0,1
729,729,19,432,1,1,1,0,119,1,1,1,1,1,1,1,0.19,1,19.96370985432399,0,1
730,730,19,471,1,1,1,1,54,1,1,1,1,1,1,1,0.06,1,5.96377477124816,0,1
731,731,19,544,1,0,0,0,252,1,0,1,1,1,1,1,0.18,0,23.35295616133364,0,1
732,732,19,548,1,1,1,0,183,1,1,1,1,1,1,1,0.11,1,11.360453818408669,0,1
733,733,19,571,1,1,1,0,129,1,1,1,1,1,1,1,0.25,1,14.161784820563506,0,1
734,734,19,582,1,1,1,0,233,1,1,1,1,1,1,1,0.12,0,14.912643911919044,0,1
735,735,19,610,1,1,1,0,134,1,1,1,1,1,1,1,0.09,1,11.645370080246778,0,1
736,736,19,639,1,1,1,1,60,1,1,1,1,1,1,1,0.11,1,8.824203313522844,0,1
737,737,19,651,1,1,1,1,59,1,1,1,1,1,1,1,0.1,1,8.749153645778055,0,1
738,738,19,689,1,1,1,1,55,1,1,1,1,1,1,1,0.18,1,11.344439731705018,0,1
739,739,19,691,1,1,1,0,223,0,1,1,1,1,1,1,0.18,0,16.04025404071411,0,1
740,740,19,692,1,1,1,1,54,1,1,1,1,1,1,1,0.12,1,8.940598933986832,0,1
741,741,19,699,1,1,1,1,89,1,1,1,1,1,1,1,0.13,1,11.842876970328422,0,1
742,742,19,726,1,1,1,0,164,1,1,1,0,1,1,1,0.21,0,41.18426044098221,1,1
743,743,19,733,1,1,1,1,75,1,1,1,1,1,1,1,0.12,1,7.21324163729342,0,1
744,744,19,739,1,1,1,1,50,1,1,1,1,1,1,1,0.11,1,6.339857491288511,0,1
745,745,19,751,1,1,1,1,65,1,1,1,1,1,1,1,0.1,1,6.592276839051035,0,1
746,746,19,795,1,1,1,1,119,1,1,1,1,1,1,1,0.18,1,12.808347775827585,0,1
747,747,19,816,1,1,1,1,80,1,1,1,1,1,1,1,0.19,1,19.1439003707072,0,1
748,748,19,829,1,1,1,1,35,1,1,1,1,1,1,1,0.16,1,7.863350200128679,0,1
749,749,19,838,1,1,1,1,50,1,1,1,1,1,1,1,0.08,1,2.920808570222788,0,1
750,750,19,850,1,1,1,1,148,1,1,1,1,1,1,1,0.51,1,29.148394045588187,1,1
751,751,19,888,1,1,1,1,66,1,1,1,1,1,1,1,0.1,1,11.994371276688188,0,1
752,752,19,889,1,1,1,1,79,1,1,1,1,1,1,1,0.16,1,10.253766129810645,0,1
753,753,19,911,1,1,1,1,124,1,1,1,1,1,1,1,0.18,1,15.586586029289183,0,1
754,754,19,921,1,1,1,1,35,1,1,1,1,1,1,1,0.1,1,6.536397816911915,0,1
755,755,19,928,1,1,1,0,183,1,1,1,1,1,1,1,0.11,1,12.713687847387629,0,1
756,756,19,936,1,1,1,1,50,1,1,1,1,1,1,1,0.14,1,12.27701311103922,0,1
757,757,19,1000,1,1,1,0,213,1,1,1,1,1,1,1,0.19,0,18.551805573599832,0,1
758,758,19,1003,1,1,1,1,45,1,1,1,1,1,1,1,0.18,1,10.210846716522637,0,1
759,759,19,1074,1,1,1,1,55,1,1,1,1,1,1,1,0.13,1,10.364850124979586,0,1
760,760,19,1078,1,1,1,1,35,1,1,1,1,1,1,1,0.11,1,8.099566243991967,0,1
761,761,19,1094,1,1,1,1,80,1,1,1,1,1,1,1,0.13,1,9.801902871148044,0,1
762,762,19,1107,1,1,1,1,85,1,1,1,1,1,1,1,0.11,1,7.243798346267185,0,1
763,763,19,1117,1,1,1,1,44,1,1,1,1,1,1,1,0.1,1,5.464181807580404,0,1
764,764,19,1133,1,1,1,1,148,1,1,1,1,1,1,1,0.22,1,15.159789081559264,0,1
765,765,19,1151,1,1,1,1,55,1,1,1,1,1,1,1,0.13,1,9.182051354990422,0,1
766,766,19,1166,1,1,1,1,50,1,1,1,1,1,1,1,0.13,1,7.725940318886879,0,1
767,767,19,1175,1,1,1,1,50,1,1,1,1,1,1,1,0.14,1,8.887001698567525,0,1
768,768,19,1199,1,1,1,1,90,1,1,1,1,1,1,1,0.11,1,5.125883256528415,0,1
769,769,20,135,1,0,1,0,351,1,1,1,1,0,1,1,0.94,0,53.35285399536991,2,1
770,770,20,136,1,1,1,0,255,1,1,1,1,1,1,1,0.3,0,25.1768671151836,1,1
771,771,20,186,1,1,1,1,157,1,1,1,1,1,1,1,0.24,1,18.782777923547197,0,1
772,772,20,312,1,1,1,0,199,1,1,1,1,1,1,1,0.25,1,23.272404037727952,0,1
773,773,20,461,1,0,0,0,332,0,1,1,0,0,1,1,0.15,0,61.286392226725496,2,1
774,774,20,630,1,0,1,0,233,1,1,1,1,1,1,1,0.3,0,30.026525321280047,1,1
775,775,20,648,1,0,1,0,158,1,1,1,1,1,1,1,0.26,1,24.78761374614101,0,1
776,776,20,693,1,0,0,0,375,1,0,1,0,0,1,1,0.21,0,63.12089310233269,2,1
777,777,20,708,1,0,0,0,324,0,1,1,0,0,1,1,0.25,0,67.095249813401,2,1
778,778,20,719,1,1,1,0,194,1,1,1,1,1,1,1,0.47,1,32.867631193183534,1,1
779,779,20,765,1,1,1,1,26,1,1,1,1,1,1,1,0.04,1,12.178484462253794,0,1
780,780,20,768,1,1,1,0,198,1,1,1,0,1,1,1,0.21,0,32.977474789674545,1,1
781,781,20,766,1,1,1,0,252,1,1,1,1,1,1,1,0.15,0,20.41326919195908,0,1
782,782,20,767,1,1,1,0,202,1,1,1,1,1,1,1,0.4,0,31.623830143813564,1,1
783,783,20,783,1,1,1,1,132,1,1,1,1,1,1,1,0.07,1,15.046603204606203,0,1
784,784,20,790,1,0,0,0,245,1,1,1,1,1,0,1,0.3,0,28.91397376773186,1,1
785,785,20,830,1,0,0,0,214,1,1,1,1,1,1,1,0.19,0,22.613057543256016,0,1
786,786,20,900,1,0,0,0,264,1,1,1,0,1,1,1,0.16,0,57.87516608514576,2,1
787,787,20,934,1,1,1,0,133,1,1,1,1,1,1,1,0.54,1,37.96099558530951,1,1
788,788,20,1096,1,1,1,0,179,1,1,1,1,1,1,1,0.29,1,25.728610913685547,1,1
789,789,20,1109,1,1,1,0,204,1,1,1,1,1,1,1,0.63,0,41.73001761687099,1,1
790,790,21,12,1,1,1,1,100,1,1,1,0,1,1,1,0.14,0,29.10428003069366,1,1
791,791,21,92,1,1,1,1,38,1,1,1,1,1,1,1,0.1,1,13.279946387989506,0,1
792,792,21,106,1,1,1,1,105,1,1,1,0,1,1,1,0.13,0,27.575347249642444,1,1
793,793,21,111,1,1,1,1,43,1,1,1,1,1,1,1,0.1,1,8.194883762334145,0,1
794,794,21,155,1,1,1,0,162,1,1,1,1,1,1,1,0.26,1,25.55685281845877,1,1
795,795,21,169,1,1,1,1,114,1,1,1,1,1,1,1,0.09,1,12.977772739533826,0,1
796,796,21,182,1,1,1,0,214,1,1,1,1,1,1,1,0.39,0,37.618052976286016,1,1
797,797,21,188,1,1,1,1,147,1,1,1,1,1,1,1,0.35,1,30.752843833967788,1,1
798,798,21,197,1,1,1,1,95,1,1,1,1,1,1,1,0.14,1,19.35656122301391,0,1
799,799,21,261,1,1,1,1,57,1,1,1,1,1,1,1,0.11,1,15.235795930740558,0,1
800,800,21,262,1,0,0,0,228,1,1,1,1,1,1,1,0.77,0,52.846347726011246,2,1
801,801,21,313,1,0,1,0,133,1,1,1,0,1,1,1,0.16,0,31.11419126136401,1,1
802,802,21,352,1,1,1,1,86,1,1,1,1,1,1,1,0.11,1,16.67952957236914,0,1
803,803,21,353,1,1,1,1,71,1,1,1,1,1,1,1,0.11,1,16.86123737856205,0,1
804,804,21,385,1,1,1,1,67,1,1,1,1,1,1,1,0.09,1,13.335608341067603,0,1
805,805,21,492,1,1,1,1,57,1,1,1,1,1,1,1,0.14,1,17.910752886305236,0,1
806,806,21,530,1,1,1,1,43,1,1,1,1,1,1,1,0.16,1,17.000797245495804,0,1
807,807,21,558,1,1,1,0,86,1,1,1,1,1,1,1,0.11,1,20.045875065136283,0,1
808,808,21,583,1,1,1,0,81,1,1,1,1,1,1,1,0.11,1,18.06965400567284,0,1
809,809,21,668,1,1,1,1,90,1,1,1,1,1,1,1,0.11,1,16.06867318977735,0,1
810,810,21,701,1,1,1,1,57,1,1,1,1,1,1,1,0.11,1,13.675354212608804,0,1
811,811,21,706,1,1,1,1,105,1,1,1,0,1,1,1,0.12,0,28.791571088631493,1,1
812,812,21,714,1,1,1,1,57,1,1,1,1,1,1,1,0.11,1,14.402726015482129,0,1
813,813,21,848,1,1,1,1,52,1,1,1,1,1,1,1,0.08,1,11.377002864722874,0,1
814,814,21,905,1,0,0,0,328,1,0,1,0,0,1,1,0.43,0,50.70304189639504,2,0
815,815,21,920,1,1,1,1,57,1,1,1,1,1,1,1,0.17,1,17.125473885055015,0,1
816,816,21,935,1,1,1,1,48,1,1,1,1,1,1,1,0.11,1,11.864814786510074,0,1
817,817,21,1066,1,0,0,0,200,1,1,1,0,1,1,1,0.27,0,38.13809874788316,1,1
818,818,21,1082,1,1,1,0,157,1,1,1,1,1,1,1,0.23,1,27.043075004450927,1,1
819,819,21,1127,1,1,1,1,38,1,1,1,1,1,1,1,0.11,1,9.855765817326295,0,1
820,820,21,1193,1,1,1,1,105,1,1,1,0,1,1,1,0.12,0,25.157092050132224,1,1
821,821,21,615,1,1,1,1,109,1,1,1,1,1,1,1,0.24,1,24.82642025408033,0,1
822,822,21,1143,1,1,1,0,124,1,1,1,0,1,1,1,0.15,0,32.05759528012778,1,1
823,823,21,866,1,1,1,0,157,1,1,1,1,1,1,1,0.26,1,27.527952785993232,1,1
824,824,21,989,1,1,1,0,185,1,1,1,1,1,1,1,0.26,1,29.95555889551504,1,1
825,825,21,336,1,1,1,1,67,1,1,1,0,1,1,1,0.13,0,23.947725869712716,0,1
826,826,21,800,1,1,1,1,128,1,1,1,1,1,1,1,0.24,1,26.14416027899417,1,1
827,827,21,1011,1,1,1,1,43,1,1,1,1,1,1,1,0.16,1,16.68437973131441,0,1
828,828,21,506,1,1,1,0,153,1,1,1,0,1,1,1,0.19,0,29.452327697010205,1,1
829,829,21,794,1,1,1,1,110,1,1,1,1,1,1,1,0.26,1,25.751172637127286,1,1
830,830,21,1183,1,1,1,1,104,1,1,1,1,1,1,1,0.16,1,17.397888777651257,0,1
831,831,21,1098,1,1,1,1,71,1,1,1,1,1,1,1,0.15,1,14.938273741946244,0,1
832,832,21,183,1,1,1,1,77,1,1,1,1,1,1,1,0.12,1,14.74641444028648,0,1
833,833,21,243,1,1,1,0,153,1,1,1,1,1,1,1,0.11,1,17.23750030073788,0,1
834,834,21,619,1,1,1,0,153,1,1,1,1,1,1,1,0.2,1,23.61560678147636,0,1
835,835,21,13,1,1,1,1,126,1,1,1,1,1,1,1,0.13,1,19.914818975611787,0,1
836,836,21,96,1,1,1,0,126,1,1,1,1,1,1,1,0.19,1,25.71294017764621,1,0
837,837,21,282,1,1,1,1,82,1,1,1,1,1,1,1,0.09,1,20.02531594459857,0,1
838,838,21,525,1,0,0,0,219,1,1,1,0,1,1,1,0.14,0,67.40625524876047,2,0
839,839,21,109,1,1,1,0,170,1,1,1,1,1,1,1,0.54,1,41.96271840999815,1,1
840,840,21,929,1,0,0,0,208,0,0,1,1,1,0,1,0.59,0,45.89019594523258,1,1
841,841,21,108,1,1,1,0,159,1,1,1,1,1,1,1,0.31,1,23.62255451988508,0,1
842,842,21,860,1,0,0,0,148,1,0,1,1,1,1,1,0.21,0,27.02930085590708,1,1
843,843,21,1182,1,1,1,0,170,1,1,1,1,1,1,1,0.91,1,58.12398406499675,2,1
844,844,21,415,1,0,0,0,137,1,1,1,1,1,1,1,0.16,1,21.06306144931032,0,1
845,845,21,329,1,1,1,1,137,1,1,1,1,1,1,1,0.67,1,43.08435472407548,1,1
846,846,21,946,1,1,1,1,82,1,1,1,1,1,1,1,0.12,1,23.760376702140995,0,1
847,847,21,275,1,1,1,0,126,1,1,1,1,1,1,1,0.09,1,16.327972740835843,0,1
848,848,21,505,1,1,1,0,120,1,1,1,1,1,1,1,0.11,1,19.144521022922024,0,1
849,849,21,666,0,1,1,0,93,1,1,1,1,1,1,1,0.17,0,23.380760644634822,0,0
850,850,21,1171,1,1,1,1,98,1,1,1,1,1,1,1,0.13,1,17.938718282060705,0,1
851,851,21,807,1,1,1,1,39,1,1,1,1,1,1,1,0.11,1,16.0531487609458,0,1
852,852,21,879,1,1,1,0,186,1,1,1,1,1,1,1,0.42,1,32.64053087523637,1,1
853,853,21,532,1,1,1,1,93,1,1,1,1,1,1,1,0.13,1,19.734713897090195,0,1
854,854,21,665,1,1,1,0,143,1,1,1,1,1,1,1,0.13,1,20.06012135091738,0,1
855,855,21,845,1,1,1,1,104,1,1,1,1,1,1,1,0.23,1,22.395441436499592,0,1
856,856,21,1157,1,1,1,1,33,1,1,1,1,1,1,1,0.11,1,14.16583701224209,0,1
857,857,21,641,1,1,1,0,82,1,1,1,1,1,1,1,0.15,1,14.298632852690522,0,1
858,858,21,35,1,1,1,1,110,1,1,1,1,1,1,1,0.13,1,14.614254480003693,0,1
859,859,21,640,1,1,1,1,88,1,1,1,1,1,1,1,0.21,1,20.040440342521343,0,1
860,860,21,1169,1,1,1,0,164,1,1,1,1,1,1,1,0.27,1,25.97715984281812,1,1
861,861,21,285,1,1,1,1,55,1,1,1,1,1,1,1,0.18,1,20.024733206584703,0,1
862,862,21,1153,1,1,1,0,202,1,1,1,0,1,1,1,0.36,0,42.046165401020176,1,1
863,863,21,1076,1,1,1,0,98,1,1,1,1,1,1,1,0.48,1,40.85902871714139,1,0
864,864,21,832,0,1,1,0,153,1,1,1,1,1,1,1,0.36,0,33.58311908059407,1,0
865,865,22,26,1,0,0,0,306,1,1,1,0,0,1,1,0.34,0,61.24577636650338,2,1
866,866,22,110,1,0,0,0,469,0,0,1,0,0,1,1,0.42,0,56.03614229585985,2,1
867,867,22,117,1,1,1,1,158,1,1,1,0,1,1,1,0.26,0,33.750711043406184,1,1
868,868,22,210,1,1,1,0,203,1,1,1,0,1,1,1,0.35,0,34.915391538071155,1,1
869,869,22,319,1,1,1,0,219,1,1,1,1,1,1,1,0.13,0,17.540211017507332,0,1
870,870,22,322,1,1,1,1,82,1,1,1,1,1,1,1,0.08,1,12.08920319888864,0,1
871,871,22,343,1,1,1,1,131,1,1,1,0,1,1,1,0.17,0,26.47023981475113,1,1
872,872,22,345,1,1,1,0,204,1,1,1,1,1,1,1,0.2,0,22.099779024884683,0,1
873,873,22,375,1,0,0,0,279,1,1,1,0,1,1,1,0.28,0,73.37964899007268,2,1
874,874,22,378,1,1,1,1,87,1,1,1,1,1,1,1,0.34,1,26.789273154056765,1,1
875,875,22,405,1,1,1,1,121,1,1,1,1,1,1,1,0.27,1,26.235846341484816,1,1
876,876,22,556,1,0,0,0,331,0,1,1,0,0,1,1,0.39,0,64.52824391440986,2,1
877,877,22,620,1,1,1,0,245,1,1,1,1,1,1,1,0.17,0,22.20846804267336,0,1
878,878,22,682,1,1,1,1,66,1,1,1,1,1,1,1,0.07,1,14.774423029077177,0,1
879,879,22,694,1,1,1,1,91,1,1,1,1,1,1,1,0.06,1,19.122407589972987,0,1
880,880,22,695,1,1,1,0,209,1,1,1,1,1,1,1,0.14,0,17.05877022409147,0,1
881,881,22,729,1,1,1,1,162,1,1,1,1,1,1,1,0.36,1,31.518636874794264,1,1
882,882,22,782,1,0,0,0,351,0,1,1,0,0,1,1,0.29,0,50.80109477078396,2,1
883,883,22,836,1,1,1,0,264,1,1,1,0,1,1,1,0.26,0,69.87448569577444,2,1
884,884,22,862,1,1,1,1,106,1,1,1,1,1,1,1,0.09,1,18.75343687490747,0,1
885,885,22,894,1,0,0,0,270,1,1,1,0,1,1,1,0.4,0,51.8441802338368,2,1
886,886,22,1006,1,0,1,0,179,0,1,1,1,1,1,1,0.14,0,20.4088086902349,0,1
887,887,22,1036,1,1,1,1,152,1,1,1,1,1,1,1,0.3,1,25.02368359601549,1,1
888,888,22,1110,1,1,1,0,199,1,1,1,1,1,1,1,0.14,1,18.649493698940013,0,1
889,889,22,1165,1,1,1,0,152,1,1,1,1,1,1,1,0.17,1,22.95449708560232,0,1
890,890,22,1192,1,1,1,0,250,1,1,1,0,1,1,1,0.33,0,71.78581737158211,2,1
891,891,22,1198,1,0,0,0,234,1,1,1,1,1,1,1,0.64,0,44.0640695651288,1,1
892,892,23,2,1,1,1,0,109,1,1,1,1,1,1,1,0.27,1,18.30822738161047,0,1
893,893,23,23,1,0,0,0,371,1,1,1,1,0,1,1,0.83,0,62.1896977959381,2,1
894,894,23,89,1,0,0,0,193,1,1,1,0,1,1,1,0.18,0,77.02293860107216,3,1
895,895,23,192,1,0,0,0,495,1,1,1,0,0,1,1,0.37,0,203.5143276760647,3,1
896,896,23,216,1,0,0,0,252,1,0,1,0,1,0,1,0.07,0,50.19260487685032,2,1
897,897,23,338,1,1,1,1,30,1,1,1,1,1,1,1,0.1,1,15.604442330080277,0,1
898,898,23,341,1,1,1,1,99,1,1,1,1,1,1,1,0.14,1,19.75240828060868,0,1
899,899,23,342,1,0,0,0,371,1,1,1,1,0,1,1,0.36,0,30.84511049746432,1,1
900,900,23,369,1,1,1,1,104,1,1,1,1,1,1,1,0.4,1,28.725010140173577,1,1
901,901,23,417,1,1,1,1,99,1,1,1,1,1,1,1,0.32,1,26.59577230477301,1,1
902,902,23,430,1,1,1,0,144,1,1,1,1,1,1,1,0.17,1,22.58689913633744,0,1
903,903,23,435,1,1,1,1,104,1,1,1,1,1,1,1,0.33,1,24.44948335355708,0,1
904,904,23,549,1,1,1,0,218,1,1,1,1,1,1,1,1.0,0,59.23762747394053,2,1
905,905,23,564,1,0,0,0,431,0,0,1,1,0,1,1,0.87,0,64.61019395257881,2,1
906,906,23,593,1,0,0,0,653,1,0,0,1,0,1,1,1.8,0,108.94162125878546,3,1
907,907,23,600,1,0,0,0,416,1,0,1,0,0,1,1,0.55,0,77.90952085167834,3,1
908,908,23,612,1,1,1,1,129,1,1,1,1,1,1,1,0.32,1,29.49074198614936,1,1
909,909,23,655,1,1,1,1,54,1,1,1,1,1,1,1,0.12,1,16.715709640906244,0,1
910,910,23,677,1,0,0,0,267,0,1,1,1,1,0,1,0.35,0,36.32869596943314,1,1
911,911,23,684,1,1,1,1,94,1,1,1,1,1,1,1,0.56,1,38.67261527601227,1,1
912,912,23,720,1,0,0,0,371,1,1,1,0,0,1,1,0.63,0,71.55899289749127,2,1
913,913,23,772,1,0,0,0,342,1,1,1,1,0,1,1,1.2,0,72.62609566945952,2,1
914,914,23,780,1,1,1,0,223,1,1,1,0,1,1,1,0.29,0,35.59316976872479,1,1
915,915,23,786,1,1,1,0,178,1,1,1,1,1,1,1,0.39,1,32.727726065015425,1,1
916,916,23,865,1,0,0,0,178,1,0,1,1,1,1,1,0.42,0,38.02815076350625,1,1
917,917,23,867,1,0,0,1,599,1,1,0,1,0,1,1,3.1,0,165.0293680230582,3,0
918,918,23,874,1,1,1,0,134,1,1,1,1,1,1,1,0.26,1,26.011351022098367,1,1
919,919,23,948,1,0,0,0,337,1,1,1,0,0,1,1,0.31,0,45.966145604684094,1,1
920,920,23,1009,1,1,1,0,208,1,1,1,1,1,1,1,0.5,0,37.7265104895956,1,1
921,921,23,1010,1,1,1,0,178,1,1,1,0,1,1,1,0.3,0,37.69036616994677,1,1
922,922,23,1209,1,1,1,1,89,1,1,1,1,1,1,1,0.23,1,23.420202296816544,0,1
923,923,23,1050,1,1,1,1,104,1,1,1,1,1,1,1,0.21,1,21.730522502693905,0,1
924,924,23,1065,1,0,0,0,366,1,0,1,1,0,1,1,0.37,0,40.66181895608152,1,1
925,925,23,1118,1,1,1,1,134,1,1,1,1,1,1,1,0.25,1,26.884233523173236,1,1
926,926,23,395,1,0,0,0,157,0,0,1,1,1,0,1,1.48,0,89.12769897737802,3,1
927,927,23,704,1,0,0,0,162,0,0,1,1,1,0,1,1.61,0,95.42759766055654,3,1
928,928,23,716,1,1,0,0,195,1,1,1,1,1,1,1,0.31,1,32.79300520495888,1,1
929,929,23,1005,1,0,0,0,162,0,0,1,1,1,0,1,1.28,0,79.35113112822418,3,1
930,930,23,1140,1,1,1,0,200,1,1,1,1,1,1,1,0.57,1,45.98823625231639,1,1
931,931,24,82,1,1,1,0,134,1,1,1,1,1,1,1,0.52,1,42.68913112086492,1,1
932,932,24,166,1,1,1,0,144,1,1,1,1,1,1,1,0.29,1,30.772091086355797,1,1
933,933,24,204,1,1,1,0,216,1,1,1,1,1,1,1,1.4,0,84.01233101715636,3,1
934,934,24,337,1,1,1,0,129,1,1,1,1,1,1,1,0.73,1,54.16616538969826,2,1
935,935,24,346,1,1,1,0,165,1,1,1,1,1,1,1,0.24,1,27.425375200574475,1,1
936,936,24,360,1,0,0,0,350,1,1,1,1,0,1,1,0.19,0,28.22469860403848,1,1
937,937,24,429,1,0,0,1,376,1,1,1,0,0,1,1,0.2,0,90.85088661771648,3,1
938,938,24,441,1,1,1,0,160,1,1,1,1,1,1,1,0.65,1,49.91023127238021,1,1
939,939,24,459,1,1,1,0,180,1,1,1,1,1,1,1,0.46,1,38.18883590241319,1,1
940,940,24,574,1,0,0,0,644,0,1,1,0,0,1,1,0.22,0,130.19058570152032,3,1
941,941,24,592,1,0,0,0,160,1,1,1,1,1,1,1,0.42,1,34.48444403968664,1,1
942,942,24,660,1,1,1,0,180,1,1,1,1,1,1,1,0.23,1,26.726193221750396,1,1
943,943,24,687,1,0,0,0,386,1,0,1,0,0,0,1,0.25,0,137.9658332194068,3,1
944,944,24,731,1,0,0,0,278,1,0,1,0,1,0,1,0.19,0,107.36254989772084,3,1
945,945,24,757,1,0,0,0,402,1,0,0,1,0,0,1,1.03,0,74.27829939170282,2,1
946,946,24,757,1,0,0,0,237,1,0,1,1,1,1,1,0.32,0,34.49962409888318,1,1
947,947,24,846,1,1,1,0,129,1,1,1,1,1,1,1,0.43,1,35.042076653768206,1,1
948,948,24,884,1,1,1,0,211,1,1,1,1,1,1,1,0.36,0,31.55288708361248,1,1
949,949,24,908,1,1,1,1,129,1,1,1,1,1,1,1,0.39,1,33.65724275872728,1,1
950,950,24,937,1,0,0,1,288,1,1,1,0,1,1,1,0.41,0,73.82099713640933,2,1
951,951,24,1008,1,0,0,0,469,1,0,1,1,0,1,1,0.52,0,42.81537858865202,1,1
952,952,24,1027,1,0,0,0,484,1,1,1,0,0,1,1,0.48,0,140.5370175492227,3,1
953,953,24,1040,1,0,0,0,515,1,1,1,1,0,1,1,0.08,0,24.813319404570148,0,1
954,954,24,1058,1,1,1,0,216,1,1,1,1,1,1,1,0.92,0,60.27326658226195,2,1
955,955,24,1104,1,0,0,0,149,1,1,1,1,1,1,1,0.21,0,27.572569889359603,1,1
956,956,24,1108,1,0,0,0,299,0,1,1,1,0,1,1,0.07,0,26.41173760825503,1,1
957,957,24,1156,1,1,1,0,113,1,1,1,0,1,1,1,0.54,0,62.6331974705751,2,1
958,958,25,702,1,0,0,0,312,1,1,0,0,0,0,1,0.3,0,112.7205004023519,3,1
959,959,25,933,1,0,0,0,226,1,1,1,1,1,1,1,0.2,0,29.060289919804177,1,1
960,960,25,304,1,0,1,0,182,1,1,1,0,1,1,1,0.17,0,30.30903597730753,1,1
961,961,25,425,1,0,0,0,250,1,1,1,1,1,1,1,0.15,0,28.806096699752075,1,1
962,962,25,1035,1,0,0,0,283,1,1,1,0,1,1,1,0.1,0,30.99677999602036,1,1
963,963,25,502,1,0,0,0,254,0,1,1,0,1,1,1,0.09,0,36.06081715222035,1,1
964,964,25,1086,1,1,1,1,96,1,1,1,1,1,1,1,0.16,1,18.01594549016312,0,1
965,965,25,481,1,1,1,0,154,1,1,1,1,1,1,1,0.07,1,19.554666163974463,0,1
966,966,25,119,1,0,1,0,197,1,1,1,1,1,1,1,0.06,1,18.50129239448771,0,1
967,967,25,437,1,1,1,1,134,1,1,1,1,1,1,1,0.04,1,16.704774373000454,0,1
968,968,25,1113,1,0,0,0,216,1,1,1,0,1,1,1,0.07,0,32.222057502780245,1,1
969,969,25,1090,1,0,0,0,307,0,1,1,0,0,1,1,0.07,0,28.15759944092476,1,1
970,970,25,718,1,0,0,0,274,0,1,1,0,1,1,1,0.04,0,28.20465655451479,1,1
971,971,25,457,1,0,0,0,322,1,0,1,0,0,1,1,0.08,0,34.20803737188214,1,1
972,972,25,463,1,0,0,0,283,1,1,1,0,1,1,1,0.04,0,50.756768880748446,2,1
973,973,25,128,1,0,0,0,235,1,1,1,0,1,1,1,0.06,0,62.19865764764391,2,1
974,974,25,796,1,0,0,0,134,1,1,1,0,1,1,1,0.04,0,42.22290266820305,1,1
975,975,25,508,1,0,0,0,317,0,1,1,0,0,1,1,0.03,0,46.6671355347063,1,1
976,976,25,139,1,0,0,0,278,1,1,1,0,1,1,1,0.06,0,42.72629142505031,1,1
977,977,25,185,1,0,0,0,293,1,1,1,0,0,1,1,0.04,0,36.995054793733445,1,1
978,978,25,999,1,0,1,0,226,1,1,1,0,1,1,1,0.04,0,31.667063201939893,1,1
979,979,25,10,1,0,0,0,333,1,1,1,0,0,1,1,0.1,0,94.54039211124218,3,1
980,980,25,11,1,0,0,0,323,0,1,0,0,0,0,1,0.12,0,94.12571269215736,3,1
981,981,25,125,1,1,1,0,109,1,1,1,1,1,1,1,0.15,1,17.424616944859817,0,1
982,982,25,127,1,1,1,1,124,1,1,1,1,1,1,1,0.23,1,18.64205964261868,0,1
983,983,25,129,1,1,1,0,169,1,1,1,0,1,1,1,0.12,0,32.69328799762919,1,1
984,984,25,242,1,1,1,0,179,1,1,1,1,1,1,1,0.1,1,15.868092801057015,0,1
985,985,25,256,1,1,1,1,104,1,1,1,1,1,1,1,0.14,1,14.344564201804886,0,1
986,986,25,263,1,0,0,0,164,1,1,1,1,1,1,1,0.09,1,21.528250566024063,0,1
987,987,25,285,1,1,1,1,159,1,1,1,1,1,1,1,0.12,1,18.58417612115788,0,1
988,988,25,295,1,1,1,1,85,1,1,1,1,1,1,1,0.16,1,13.403220980493227,0,1
989,989,25,303,1,0,0,1,269,1,1,1,0,1,1,1,0.1,0,111.48662929308624,3,1
990,990,25,330,1,0,0,0,473,0,1,1,0,0,1,1,0.18,0,124.77470855315504,3,1
991,991,25,344,1,0,0,0,269,1,1,1,0,1,1,1,0.19,0,63.27602401600689,2,1
992,992,25,364,1,1,1,1,100,1,1,1,1,1,1,1,0.19,1,18.65612842936708,0,1
993,993,25,420,1,0,0,0,498,1,0,1,0,0,1,1,0.22,0,53.74269662666924,2,1
994,994,25,436,1,0,0,0,288,1,1,1,0,1,1,1,0.16,0,67.36772516492466,2,1
995,995,25,443,1,1,1,1,67,1,1,1,1,1,1,1,0.14,1,19.708438945399312,0,1
996,996,25,451,1,1,0,0,258,1,1,1,1,1,1,1,0.26,0,29.752032351187115,1,1
997,997,25,487,1,1,1,1,21,1,1,1,1,1,1,1,0.06,1,5.9551437781791385,0,1
998,998,25,488,1,0,1,0,386,1,1,1,1,0,1,1,0.21,0,31.625043440701702,1,1
999,999,25,510,1,1,1,1,129,1,1,1,0,1,1,1,0.18,0,28.525076528944293,1,1
1000,1000,25,563,1,1,1,1,134,1,1,1,0,1,1,1,0.05,0,36.44851262830187,1,1
1001,1001,25,570,1,0,0,0,350,1,1,1,0,0,1,1,0.02,0,149.14342862973638,3,1
1002,1002,25,581,1,0,0,0,443,0,1,1,0,0,0,1,0.11,0,145.41421568835577,3,1
1003,1003,25,599,1,1,1,1,103,1,1,1,1,1,1,1,0.06,1,18.53680645246204,0,1
1004,1004,25,688,1,1,1,0,196,1,1,1,0,1,1,1,0.18,0,46.339037347257005,1,1
1005,1005,25,717,1,1,1,1,144,1,1,1,1,1,1,1,0.17,1,23.71369499433481,0,1
1006,1006,25,776,1,1,1,0,180,1,1,1,1,1,1,1,0.33,1,33.25039429919867,1,1
1007,1007,25,808,1,1,1,1,124,1,1,1,0,1,1,1,0.22,0,36.37227382176561,1,1
1008,1008,25,855,1,1,1,1,129,1,1,1,1,1,1,1,0.13,1,21.29136040228964,0,1
1009,1009,25,919,1,0,0,0,479,1,1,1,0,0,1,1,0.16,0,83.57337358833645,3,1
1010,1010,25,939,1,1,1,0,139,1,1,1,0,1,1,1,0.06,0,25.63796175293528,1,1
1011,1011,25,998,1,1,1,0,196,1,1,1,1,1,1,1,0.14,1,26.13475370770883,1,1
1012,1012,25,1016,1,0,0,0,319,1,1,0,0,0,1,1,0.08,0,80.0345310909185,3,1
1013,1013,25,1021,1,0,0,0,263,1,1,1,0,1,1,1,0.46,0,61.86286569371949,2,1
1014,1014,25,1034,1,0,0,0,474,1,0,0,0,0,0,1,0.25,0,64.21670748210363,2,1
1015,1015,25,1044,1,0,0,0,412,1,1,0,0,0,0,1,0.34,0,55.62101445891101,2,1
1016,1016,25,1044,1,1,1,0,118,1,1,1,1,1,1,1,0.13,1,23.151690344998,0,1
1017,1017,25,1176,1,0,0,0,314,1,0,1,1,0,1,1,0.33,0,36.065061618006574,1,1
1018,1018,25,788,1,0,0,0,556,1,1,1,0,0,0,1,0.16,0,153.42764592014046,3,1
1019,1019,25,1191,1,1,1,0,299,0,1,1,0,0,1,1,0.35,0,48.47200021398384,1,1
1020,1020,26,7,1,0,0,0,292,1,0,1,1,0,1,1,0.38,0,36.1243019413939,1,1
1021,1021,26,14,1,1,1,1,54,1,1,1,1,1,1,1,0.18,1,20.08478600341865,0,1
1022,1022,26,154,1,1,1,1,183,1,1,1,1,1,1,1,0.3,1,19.055894971860845,0,1
1023,1023,26,280,1,1,1,1,188,1,1,1,1,1,1,1,0.39,1,22.398550882159725,0,1
1024,1024,26,327,1,0,0,0,386,1,1,1,0,0,1,1,0.28,0,86.86930805097231,3,1
1025,1025,26,454,1,1,1,1,54,1,1,1,1,1,1,1,0.15,1,15.191357982234246,0,1
1026,1026,26,469,1,0,0,0,272,1,1,1,0,1,1,1,0.28,0,86.13779475496163,3,1
1027,1027,26,470,1,1,1,0,193,1,1,1,1,1,1,1,0.32,1,21.871914563836675,0,1
1028,1028,26,476,1,1,1,1,109,1,1,1,1,1,1,1,0.29,1,17.306654204089078,0,1
1029,1029,26,590,1,1,1,1,59,1,1,1,1,1,1,1,0.5,1,26.047258600890977,1,1
1030,1030,26,627,1,0,0,0,193,1,1,1,1,1,1,1,0.18,0,16.45114505415688,0,1
1031,1031,26,639,1,0,0,0,272,1,1,1,1,1,1,1,0.37,0,24.667000676766367,0,1
1032,1032,26,681,1,1,1,1,79,1,1,1,1,1,1,1,0.32,1,20.184699489976868,0,1
1033,1033,26,814,1,1,1,1,144,1,1,1,1,1,1,1,0.21,1,13.402638822726558,0,1
1034,1034,26,827,1,1,1,1,109,1,1,1,1,1,1,1,0.17,1,11.070151433196427,0,1
1035,1035,26,839,1,1,1,1,84,1,1,1,1,1,1,1,0.15,1,11.127711643749738,0,1
1036,1036,26,864,1,1,1,1,302,1,1,1,1,0,1,1,0.54,0,33.66364250319208,1,1
1037,1037,26,880,1,1,1,1,193,1,1,1,0,1,1,1,0.3,0,36.77009748435951,1,1
1038,1038,26,1001,1,1,1,0,243,1,1,1,1,1,1,1,0.3,0,22.93407848395277,0,1
1039,1039,26,1085,1,1,1,0,277,1,1,1,1,1,1,1,0.29,0,24.99287975834544,0,1
1040,1040,26,1147,1,1,1,1,134,1,1,1,1,1,1,1,0.25,1,20.76541195994199,0,1
1041,1041,26,1170,1,1,1,1,183,1,1,1,1,1,1,1,0.49,1,37.470827874056354,1,1
1042,1042,27,81,1,1,1,1,134,1,1,1,0,1,1,1,0.33,0,39.90695591847895,1,1
1043,1043,27,98,1,1,1,0,187,1,1,1,1,1,1,1,0.59,1,42.16275050757477,1,1
1044,1044,27,112,1,0,0,0,341,1,0,1,1,0,0,1,1.1,0,71.22298618134226,2,1
1045,1045,27,164,1,1,1,0,216,1,1,1,1,1,1,1,0.43,0,40.77928428348104,1,0
1046,1046,27,176,1,0,1,0,312,1,0,1,1,1,1,1,0.48,0,46.86185324727561,1,0
1047,1047,27,178,1,0,0,0,336,0,1,1,0,0,0,1,0.3,0,74.45921242906479,2,0
1048,1048,27,302,1,1,1,0,192,1,1,1,1,1,1,1,0.34,1,31.24465575349061,1,0
1049,1049,27,311,1,1,1,1,91,1,1,1,1,1,1,1,0.2,1,23.3373406903017,0,1
1050,1050,27,316,1,1,1,0,206,1,1,1,0,1,1,1,1.3,0,84.54239307247119,3,1
1051,1051,27,348,1,1,1,0,125,1,1,1,1,1,1,1,0.29,1,20.023599573390943,0,1
1052,1052,27,354,1,1,1,0,101,1,1,1,1,1,1,1,0.86,1,58.255415815047776,2,1
1053,1053,27,358,1,1,1,0,125,1,1,1,1,1,1,1,0.55,1,38.39806040345013,1,1
1054,1054,27,410,1,0,0,0,254,1,1,1,0,1,1,1,0.33,0,52.889381716892025,2,1
1055,1055,27,447,1,1,1,1,96,1,1,1,1,1,1,1,0.49,1,35.695132292115126,1,1
1056,1056,27,457,1,0,0,0,274,0,0,1,0,1,1,1,0.36,0,53.33911984142552,2,1
1057,1057,27,460,1,1,1,0,168,1,1,1,1,1,1,1,0.36,1,34.2972690028834,1,1
1058,1058,27,472,1,1,1,0,264,1,1,1,1,1,1,1,0.18,0,29.814401806182158,1,1
1059,1059,27,473,1,1,1,0,144,1,1,1,1,1,1,1,0.43,1,35.16511665657603,1,1
1060,1060,27,477,1,0,0,0,379,1,0,1,1,0,1,1,0.68,0,51.536288376629685,2,1
1061,1061,27,497,1,1,1,0,197,1,1,1,1,1,1,1,0.26,1,27.67527760582647,1,1
1062,1062,27,499,1,0,0,0,432,1,1,1,1,0,1,1,1.4,0,84.29687802949185,3,0
1063,1063,27,522,1,1,1,0,226,1,1,1,1,1,1,1,0.82,0,55.38348254177709,2,0
1064,1064,27,569,1,1,1,0,115,1,1,1,1,1,1,1,1.0,1,62.976320295886445,2,1
1065,1065,27,552,1,0,0,0,307,1,1,1,1,0,1,1,1.2,0,72.88594496935588,2,1
1066,1066,27,670,1,1,1,0,163,1,1,1,1,1,1,1,0.28,1,23.324787013897915,0,1
1067,1067,27,743,1,0,0,0,317,0,1,1,1,0,1,1,0.26,0,31.08224774743793,1,1
1068,1068,27,792,1,0,0,0,283,1,1,1,0,1,1,1,0.24,0,48.10121857572242,1,1
1069,1069,27,924,1,1,1,1,130,1,1,1,1,1,1,1,0.13,1,21.319173193032395,0,1
1070,1070,27,1019,1,1,1,0,182,1,1,1,1,1,1,1,0.44,1,36.01301845440828,1,1
1071,1071,27,1030,1,1,1,0,149,1,1,1,1,1,1,1,0.65,1,45.84872213999696,1,1
1072,1072,27,1039,1,0,0,0,269,0,0,1,1,1,0,1,0.25,0,42.133043775829854,1,1
1073,1073,27,1048,1,0,0,0,269,0,1,1,0,1,1,1,0.22,0,53.24912549671283,2,0
1074,1074,27,18,1,1,1,1,119,1,1,1,1,1,1,1,0.53,1,36.10705494261639,1,1
1075,1075,27,91,1,1,1,0,189,1,1,1,1,1,1,1,0.43,1,40.93917865867794,1,1
1076,1076,27,97,1,0,0,0,289,0,0,1,1,0,0,1,0.49,0,48.92422274472775,1,1
1077,1077,27,143,1,1,1,0,124,1,1,1,1,1,1,1,0.31,1,25.66725742907469,1,1
1078,1078,27,144,1,0,0,0,214,0,1,1,1,1,1,1,0.27,0,30.547293769532043,1,1
1079,1079,27,171,1,1,1,0,154,1,1,1,1,1,1,1,0.46,1,36.589222063998726,1,1
1080,1080,27,198,1,0,1,0,299,1,1,1,1,0,1,1,0.91,0,57.466372042614495,2,1
1081,1081,27,205,1,0,0,0,388,1,1,1,1,0,1,1,1.8,0,107.40074819337914,3,1
1082,1082,27,221,1,0,0,0,358,1,1,1,1,0,1,1,1.7,0,97.1489790762861,3,1
1083,1083,27,255,1,0,1,0,184,1,1,1,1,1,1,1,0.49,1,39.99462582122668,1,1
1084,1084,27,293,1,0,0,0,229,1,1,1,1,1,1,1,0.31,0,31.495424029083697,1,1
1085,1085,27,296,1,1,1,0,184,1,1,1,1,1,1,1,0.56,1,39.44881039418031,1,1
1086,1086,27,323,1,1,1,0,179,1,1,1,1,1,1,1,0.25,1,23.90492595904247,0,1
1087,1087,27,331,1,1,1,1,100,1,1,1,1,1,1,1,0.45,1,33.798292162671885,1,1
1088,1088,27,421,1,1,1,1,154,1,1,1,1,1,1,1,0.29,1,27.599066410565367,1,1
1089,1089,27,456,1,1,1,0,289,1,0,1,1,0,1,1,0.27,0,30.263509485060343,1,1
1090,1090,27,490,1,1,1,0,204,1,1,1,1,1,1,1,0.83,0,54.11401053559081,2,1
1091,1091,27,523,1,1,1,1,95,1,1,1,1,1,1,1,0.74,1,46.80037710406834,1,1
1092,1092,27,546,1,1,1,0,164,1,1,1,1,1,1,1,0.58,1,41.13404239540761,1,1
1093,1093,27,555,1,1,1,0,254,1,1,1,1,1,1,1,1.6,0,92.02079167229223,3,1
1094,1094,27,572,1,0,1,0,204,1,1,1,1,1,1,1,0.71,0,50.39733911372761,2,1
1095,1095,27,578,1,1,1,0,299,1,0,1,1,0,1,1,0.37,0,35.984519853936206,1,1
1096,1096,27,631,1,1,1,0,119,1,1,1,1,1,1,1,0.36,1,28.40362713937849,1,1
1097,1097,27,645,1,1,1,0,109,1,1,1,1,1,1,1,0.29,1,26.8727210083734,1,1
1098,1098,27,678,1,1,1,1,124,1,1,1,1,1,1,1,0.42,1,30.6877270641728,1,1
1099,1099,27,703,1,0,0,0,189,0,1,1,1,1,1,1,0.33,0,31.292809845634427,1,1
1100,1100,27,707,1,1,1,1,60,1,1,1,1,1,1,1,0.27,1,21.659601789086096,0,1
1101,1101,27,734,1,0,0,0,169,0,1,1,1,1,1,1,0.28,0,30.24885653090864,1,1
1102,1102,27,758,1,1,1,0,219,1,1,1,1,1,1,1,0.29,0,30.231980168566057,1,1
1103,1103,27,761,1,1,1,0,209,1,1,1,1,1,1,1,0.25,0,27.72305097089508,1,1
1104,1104,27,784,1,1,1,1,35,1,1,1,1,1,1,1,0.22,1,22.612697266356392,0,1
1105,1105,27,819,1,1,1,0,199,1,1,1,1,1,1,1,0.47,1,38.04040602302251,1,1
1106,1106,27,833,1,1,1,1,45,1,1,1,1,1,1,1,0.39,1,28.98261719507373,1,1
1107,1107,27,835,1,0,0,0,209,0,1,1,1,1,1,1,0.32,0,28.69751170188767,1,1
1108,1108,27,847,1,0,0,0,368,1,0,1,1,0,0,1,1.0,0,71.76734555588673,2,1
1109,1109,27,854,1,1,1,0,308,1,1,1,1,1,1,1,0.88,0,65.52912054055264,2,0
1110,1110,27,883,1,0,0,0,373,1,1,1,1,0,1,1,1.7,0,97.34033248730462,3,1
1111,1111,27,901,1,1,1,1,269,1,1,1,1,1,1,1,3.6,0,183.8170025590317,3,0
1112,1112,27,903,1,0,0,0,179,0,1,1,1,1,1,1,1.0,0,64.06938552104924,2,1
1113,1113,27,987,1,1,1,0,189,1,1,1,1,1,1,1,0.6,0,43.72290370132611,1,1
1114,1114,27,1023,1,1,1,1,259,1,1,1,1,1,1,1,1.3,0,74.94482187401731,2,1
1115,1115,27,1075,1,1,1,1,139,1,1,1,1,1,1,1,0.51,1,37.48064671805109,1,1
1116,1116,27,1095,1,1,1,1,40,1,1,1,1,1,1,1,0.26,1,27.6912029854709,1,1
1117,1117,27,1120,1,1,1,1,114,1,1,1,1,1,1,1,0.51,1,32.8151274689872,1,1
1118,1118,27,1139,1,1,1,0,194,1,1,1,1,1,1,1,0.38,1,33.20065098074514,1,1
1119,1119,27,1161,1,1,1,0,169,1,1,1,1,1,1,1,0.6,1,43.04059507038966,1,1
1120,1120,27,1167,1,1,1,0,279,1,1,1,1,1,1,1,0.88,0,57.39345788268647,2,1
1121,1121,28,28,1,0,0,0,139,1,1,1,0,1,1,1,2.5,0,153.61652260968586,3,1
1122,1122,28,31,1,0,0,0,158,1,1,1,0,1,1,1,0.9,0,79.3170951721452,3,1
1123,1123,28,34,1,0,0,0,254,1,1,1,0,1,1,1,0.68,0,57.67997356054117,2,1
1124,1124,28,101,1,0,0,0,270,1,1,1,0,1,1,1,0.49,0,42.47487195642656,1,1
1125,1125,28,102,1,0,0,0,150,1,0,1,1,1,1,1,0.81,0,60.35637333614116,2,1
1126,1126,28,170,1,0,0,0,166,1,1,1,0,1,1,1,0.68,0,52.42976150141935,2,1
1127,1127,28,179,1,0,0,0,112,1,1,1,0,1,1,1,0.47,0,46.852318809321424,1,1
1128,1128,28,219,1,1,1,0,231,1,1,1,1,1,1,1,0.53,0,44.14626592530888,1,0
1129,1129,28,237,1,1,1,0,185,1,1,1,1,1,1,1,0.54,1,40.683241880714206,1,1
1130,1130,28,78,1,0,0,0,108,0,1,1,0,1,0,1,0.48,0,47.47349187385031,1,1
1131,1131,28,241,1,1,1,1,154,1,1,1,1,1,1,1,0.36,1,30.35529343949876,1,1
1132,1132,28,252,1,1,1,0,166,1,1,1,1,1,1,1,0.74,1,48.117621088390905,1,1
1133,1133,28,308,1,1,1,1,200,1,1,1,1,1,1,1,0.55,1,40.46783923303209,1,1
1134,1134,28,301,1,1,1,0,162,1,1,1,1,1,1,1,0.66,1,46.38557846541317,1,1
1135,1135,28,333,1,0,0,0,412,1,1,1,0,0,1,1,0.65,0,69.50616692381526,2,0
1136,1136,28,366,1,1,1,0,142,1,1,1,1,1,1,1,0.79,1,51.93069302460787,2,1
1137,1137,28,413,1,1,1,1,119,1,1,1,1,1,1,1,0.53,1,38.78638628272984,1,1
1138,1138,28,409,1,1,1,1,119,1,1,1,1,1,1,1,0.45,1,33.43193155517287,1,1
1139,1139,28,422,1,0,0,0,89,0,1,1,0,1,0,1,0.52,0,45.6668658471312,1,1
1140,1140,28,503,1,0,0,0,131,1,1,1,1,1,1,1,0.53,1,47.56704838440783,1,1
1141,1141,28,541,1,0,0,0,196,1,1,1,0,1,1,1,0.57,0,48.78874947388563,1,1
1142,1142,28,622,1,0,0,0,77,0,1,1,0,1,0,1,0.63,0,55.47576668345138,2,1
1143,1143,28,624,1,1,1,1,85,1,1,1,1,1,1,1,0.72,1,46.87870497034088,1,1
1144,1144,28,652,1,0,0,0,119,0,1,1,0,1,1,1,0.71,0,56.98965389528436,2,1
1145,1145,28,683,1,1,1,0,100,1,1,1,1,1,1,1,0.62,1,43.75127009035157,1,1
1146,1146,28,774,1,1,1,0,96,1,1,1,1,1,1,1,0.57,1,44.38843172485979,1,1
1147,1147,28,775,1,1,1,1,193,1,1,1,1,1,1,1,0.46,1,38.70860431585035,1,0
1148,1148,28,813,1,0,0,0,116,0,0,1,0,1,0,1,1.5,0,120.00555999939994,3,1
1149,1149,28,834,1,1,1,0,135,1,1,1,1,1,1,1,0.63,1,45.72586201382007,1,0
1150,1150,28,918,1,0,0,0,92,0,0,1,0,1,0,1,0.57,0,57.3833344089135,2,1
1151,1151,28,1002,1,1,1,0,181,1,1,1,1,1,1,1,0.52,1,42.07802476495036,1,0
1152,1152,28,1032,1,0,0,0,119,1,1,1,0,1,1,1,0.47,0,44.94248026522675,1,1
1153,1153,28,1043,1,0,0,0,100,1,1,1,0,1,1,1,0.74,0,60.90318336349205,2,1
1154,1154,28,1045,1,0,0,0,92,1,1,1,0,1,1,1,0.38,0,45.54206544509066,1,1
1155,1155,28,1046,1,1,1,0,131,1,1,1,1,1,1,1,0.59,1,44.81288406349659,1,0
1156,1156,28,1055,1,1,1,1,131,1,1,1,1,1,1,1,0.82,1,56.07635777136394,2,0
1157,1157,28,1053,1,1,1,1,108,1,1,1,1,1,1,1,0.55,1,40.66936277818962,1,1
1158,1158,28,1063,1,1,1,1,96,1,1,1,1,1,1,1,0.49,1,39.9815998943667,1,1
1159,1159,28,1067,1,1,1,1,190,1,1,1,1,1,1,1,0.47,1,31.26481252213077,1,1
1160,1160,28,1097,1,1,1,1,119,1,1,1,1,1,1,1,0.19,1,16.611153242718537,0,1
1161,1161,28,1091,1,1,1,1,79,1,1,1,1,1,1,1,0.33,1,20.209551916131925,0,1
1162,1162,28,1111,1,0,0,0,280,1,1,1,1,1,1,1,0.62,0,36.09848231392393,1,1
1163,1163,28,1119,1,1,1,0,245,1,1,1,1,1,1,1,0.65,0,39.78759738600054,1,1
1164,1164,28,1124,1,0,0,0,230,1,1,1,1,1,1,1,0.42,0,32.10981976389883,1,1
1165,1165,28,1159,1,0,0,0,233,0,0,1,1,1,0,1,0.3,0,26.859466747165357,1,1
1166,1166,28,1197,1,0,0,0,220,0,1,1,1,1,1,1,0.3,0,25.00484650763365,1,1
1167,1167,28,837,1,0,0,0,396,0,1,1,1,0,1,1,0.86,0,56.21122295729637,2,1
1168,1168,28,394,1,1,1,0,185,1,1,1,1,1,1,1,0.62,1,40.07920440750111,1,1
1169,1169,28,700,1,1,1,1,160,1,1,1,1,1,1,1,0.31,1,22.689546408029265,0,1
1170,1170,28,100,1,0,0,0,350,1,1,1,0,0,1,1,0.71,0,63.83666168786269,2,1
1171,1171,28,887,1,1,1,0,129,1,0,1,1,1,1,1,0.35,0,35.70253035895791,1,1
1172,1172,28,1068,1,0,0,0,263,1,0,1,1,1,1,1,0.42,0,40.6412151848144,1,1
1173,1173,29,9,1,0,0,0,255,1,1,1,1,1,1,1,0.26,0,25.138833963538406,1,1
1174,1174,29,93,1,1,1,1,105,1,1,1,1,1,1,1,0.21,1,20.660140131113227,0,1
1175,1175,29,132,1,1,1,1,90,1,1,1,1,1,1,1,0.43,1,30.648236147588847,1,1
1176,1176,29,159,1,0,1,0,220,1,0,1,1,1,1,1,0.18,0,21.47215443236681,0,1
1177,1177,29,165,1,1,1,1,20,1,1,1,1,1,1,1,0.09,1,13.095646277912367,0,1
1178,1178,29,211,1,1,1,1,50,1,1,1,1,1,1,1,0.14,1,14.674460858363927,0,1
1179,1179,29,231,1,1,1,0,195,1,1,1,1,1,1,1,0.59,1,43.1161283387919,1,1
1180,1180,29,239,1,1,1,0,140,1,1,1,1,1,1,1,0.21,1,23.960292283250077,0,1
1181,1181,29,238,1,0,0,0,395,0,0,1,1,0,1,1,0.74,0,55.0966189703471,2,1
1182,1182,29,148,1,1,1,1,100,1,1,1,1,1,1,1,0.47,1,34.37616027503152,1,1
1183,1183,29,288,1,1,1,0,140,1,1,1,1,1,1,1,0.19,1,22.76941255207719,0,1
1184,1184,29,351,1,1,1,0,153,0,1,1,1,1,1,1,0.07,0,14.007934767194918,0,1
1185,1185,29,725,1,1,1,0,30,1,1,1,1,1,1,1,0.04,1,16.001132019823512,0,1
1186,1186,29,398,1,1,1,1,35,1,1,1,1,1,1,1,0.06,1,15.36869771583568,0,1
1187,1187,29,399,1,1,1,0,120,1,1,1,1,1,1,1,0.48,1,35.757903745198455,1,1
1188,1188,29,423,1,1,1,1,70,1,1,1,1,1,1,1,0.19,1,22.735350711312297,0,1
1189,1189,29,618,1,1,1,0,235,1,1,1,1,1,1,1,0.4,0,31.15653519680429,1,1
1190,1190,29,633,1,1,1,1,129,1,1,1,1,1,1,1,0.26,1,27.631290141430316,1,1
1191,1191,29,705,1,0,0,0,163,0,0,1,1,1,1,1,0.22,0,30.751146653374764,1,1
1192,1192,29,721,1,0,1,1,267,1,1,1,1,1,1,1,0.64,0,44.071405163407526,1,1
1193,1193,29,735,1,1,1,0,160,1,1,1,1,1,1,1,0.2,1,25.436243824966883,1,1
1194,1194,29,746,1,1,1,0,139,1,1,1,1,1,1,1,0.15,1,22.43759595661109,0,1
1195,1195,29,752,1,1,1,1,168,1,1,1,1,1,1,1,0.63,1,44.8151941125006,1,0
1196,1196,29,753,1,1,1,0,158,1,1,1,1,1,1,1,0.3,1,28.959490225948265,1,1
1197,1197,29,759,1,1,1,0,65,1,1,1,1,1,1,1,0.11,1,19.97738802149009,0,1
1198,1198,29,781,1,1,1,1,90,1,1,1,1,1,1,1,0.12,1,18.04478947924088,0,1
1199,1199,29,809,1,1,1,1,75,1,1,1,1,1,1,1,0.11,1,16.807701720107442,0,1
1200,1200,29,803,1,1,1,1,55,1,1,1,1,1,1,1,0.1,1,14.695879862789942,0,1
1201,1201,29,891,1,1,1,0,185,1,1,1,1,1,1,1,0.19,1,29.33836955349554,1,0
1202,1202,29,893,1,1,1,1,40,1,1,1,1,1,1,1,0.14,1,17.133304802154107,0,1
1203,1203,29,949,1,1,1,0,170,1,1,1,1,1,1,1,0.54,1,38.92688374421913,1,1
1204,1204,29,1137,1,1,1,0,150,1,1,1,1,1,1,1,0.18,1,28.49013582596208,1,1
1205,1205,29,980,1,1,1,1,99,1,1,1,1,1,1,1,1.0,1,60.30270743341946,2,1
1206,1206,29,990,1,0,0,0,185,0,0,1,1,1,0,1,0.21,0,25.56371217531278,1,1
1207,1207,29,1007,1,1,1,1,75,1,1,1,1,1,1,1,0.18,1,19.284982678913565,0,1
1208,1208,29,1122,1,0,0,0,287,1,1,1,1,1,1,1,0.9,0,56.98793814678105,2,1
1209,1209,29,1070,1,1,1,0,220,1,1,1,1,1,1,1,0.29,0,31.43731293750285,1,0
1210,1210,29,1037,1,1,1,0,129,1,1,1,1,1,1,1,0.43,1,35.61963683884725,1,1
1211,1211,29,1145,1,1,1,1,85,1,1,1,1,1,1,1,0.9,1,52.872605525028895,2,1
1212,1212,29,951,1,0,1,0,192,1,1,1,1,1,1,1,0.99,1,65.79929628752183,2,1
1213,1213,29,952,1,0,0,0,263,1,1,1,1,1,1,1,0.76,0,58.0725966090354,2,1
1214,1214,29,953,0,0,0,0,449,1,1,0,1,0,1,1,2.06,0,120.11938097813828,3,0
1215,1215,29,954,1,1,1,0,170,1,1,1,1,1,1,1,0.25,1,31.41963474429637,1,1
1216,1216,29,955,1,1,1,0,159,1,1,1,1,1,1,1,0.22,1,26.185219886798016,1,1
1217,1217,29,956,1,1,1,0,148,1,1,1,1,1,1,1,0.19,1,25.80234370334141,1,0
1218,1218,29,957,1,0,0,0,153,1,1,1,0,1,1,1,0.18,0,30.714170513988638,1,1
1219,1219,29,958,1,1,1,0,148,1,1,1,1,1,1,1,0.5,1,36.26047899547605,1,1
1220,1220,29,959,1,1,1,1,93,1,1,1,1,1,1,1,0.12,1,15.39518711839902,0,1
1221,1221,29,960,1,1,1,0,88,1,1,1,1,1,1,1,0.21,1,21.229947010693813,0,1
1222,1222,29,961,1,1,1,0,119,1,1,1,1,1,1,1,0.19,1,25.447796985375238,1,0
1223,1223,29,962,1,1,1,0,110,1,1,1,1,1,1,1,0.16,1,25.63141935257434,1,1
1224,1224,29,963,1,1,1,0,197,1,1,1,1,1,1,1,0.16,1,20.689403511542817,0,1
1225,1225,29,964,0,1,1,0,219,1,1,1,1,1,1,1,0.37,0,35.56986416837699,1,0
1226,1226,29,965,1,1,1,1,118,1,1,1,1,1,1,1,0.21,1,28.67315024977518,1,0
1227,1227,29,966,0,1,1,0,127,1,1,1,1,1,1,1,0.19,0,32.00773933710863,1,0
1228,1228,29,967,1,1,1,1,60,1,1,1,1,1,1,1,0.15,1,19.923641011532204,0,1
1229,1229,29,968,1,1,1,0,148,1,1,1,0,1,1,1,0.15,0,30.421120828128803,1,1
1230,1230,29,969,1,1,1,1,66,1,1,1,1,1,1,1,0.17,1,20.894446383319224,0,1
1231,1231,29,970,1,1,1,1,98,1,1,1,1,1,1,1,0.27,1,26.53371125823916,1,1
1232,1232,29,971,1,1,1,1,110,1,1,1,1,1,1,1,0.27,1,26.24126597767265,1,1
1233,1233,29,972,1,1,1,1,55,1,1,1,1,1,1,1,0.18,1,20.99465866887897,0,1
1234,1234,29,973,1,1,1,1,71,1,1,1,1,1,1,1,0.3,1,27.92235899073218,1,1
1235,1235,29,974,1,1,1,1,93,1,1,1,1,1,1,1,0.18,1,24.55017759809928,0,1
1236,1236,29,975,1,1,1,1,82,1,1,1,1,1,1,1,0.14,1,21.58923955632885,0,1
1237,1237,29,976,1,1,1,1,49,1,1,1,1,1,1,1,0.14,1,19.066396356387266,0,1
1238,1238,29,977,1,1,1,1,131,1,1,1,1,1,1,1,0.26,1,27.092631242716838,1,1
1239,1239,29,978,1,1,1,0,126,0,1,1,1,1,1,1,0.21,0,25.70908727965113,1,1
1240,1240,29,979,1,1,1,0,77,1,1,1,1,1,1,1,0.23,1,25.023410285433503,1,1
